#timestamp_kf,x,y,z,qw,qx,qy,qz,vx,vy,vz
1575909195412124263,0.0051412448000246547056,-0.0030633724734156447637,-0.011560355416885801511,0.079505796595420674677,0.9840270905435879456,-0.00015935870794101604552,-0.15927802104763463809,0.050977281232267392108,-0.029091793226343823364,-0.119647583688764228
1575909195612406509,0.019601797458105103128,-0.010572750228885756385,-0.045165880155003973462,0.079172935443513572928,0.98404597655512004994,-0.00036473048749958693554,-0.15932680028987139531,0.1020416293963622989,-0.050539511338309660304,-0.23294416440886886455
1575909195845789840,0.063173896111598570879,-0.013660666444107811418,0.04535283135533824117,0.034986382169092319905,0.98702615253794645511,0.0056692321331433242343,-0.15659880930542555144,0.2185134337120405168,-0.044449832772055844488,0.15528620347425547976
1575909196078844271,0.0072378021831114337792,-0.0010339064890601025459,-0.0038129814402721958801,0.050411220391820929509,0.98133631366430063014,0.0081981644025236593415,-0.18539292986194833013,-0.018217054186345768563,-0.00676428557778028898,0.021856789865759510688
1575909196279335950,0.004063832370779142493,-0.0025333572074716795633,-0.0014343366858142287887,0.048151642728448594555,0.97266397375330648778,0.011928217329654152573,-0.22685663114909165872,-0.0021833863794504023564,7.0156559489038523934e-05,-0.00032302962853697855415
1575909196479512651,0.0048720978722169815123,-0.0024208765673981460197,-0.00095982261588077274518,0.047717415304134376541,0.96876039227204158166,0.012568134657068239998,-0.2430398992611176312,-0.00078732815617485593304,-0.00056260167135575964333,0.0003030538379014844296
1575909196679513219,0.0050531160712145991795,-0.0022943263702113760559,-0.0011050818815884603814,0.047705672843590972432,0.96773059774752445694,0.012646242776122728832,-0.24710672088271132263,0.00076718197844098450985,0.00011712175987111411615,-0.00053252669026040825619
1575909196879529982,0.0049484959338099397674,-0.0022025365718362902891,-0.0010087821691905170165,0.047748728344163014758,0.96772699857714949978,0.012622034256831636545,-0.24711373781640713632,-0.00054071740405706853177,0.00089381188745237829217,-0.00010342977428538492829
1575909197112978883,0.0050349430277544212145,-0.002405891396117112481,-0.0010349097224644813412,0.047769093629100617404,0.96772479770157238121,0.012601512212848489311,-0.24711946806606319149,0.00045722059711237288257,-0.00079210768274365231465,-0.00028659339527556696933
1575909197346485932,0.0049184195174389894883,-0.0022114775584633271192,-0.0010389332359594014542,0.04784079056484553949,0.96770254127049881721,0.012446034484428908362,-0.2472006201496289024,-0.0006484967652045719403,0.00098685298163393134381,-9.823296602745884966e-05
1575909197579709159,0.0048848154464159578361,-0.0023980743759349680902,-0.0010687058845590675753,0.047740534156320249548,0.96772529861265288442,0.012637702260711000321,-0.24712117737071903623,-0.00025978953775720602277,-0.00027844777770519150463,0.00014436371265791973751
1575909197780186659,0.025751606183282194779,0.016325536381665499419,0.034365736085001416522,0.047492169344369068729,0.96845020117837132823,0.012470427279157213912,-0.24432189859284619837,0.10416033717924580437,0.092851065346694433567,0.15824626824553947313
1575909198013177629,0.0042437290082997861096,-0.0030639079123492745163,0.0075374422796615422881,0.045132175303136685962,0.96900346340009568813,0.012287715406815048064,-0.24257861967021618343,-0.011088619033968337771,-0.0035178657026202590774,-0.021118760502008639829
1575909198213583621,0.00533103749836931224,-0.0027244520825080754955,0.0095898961341639270273,0.045358413960770976869,0.96823608757373835765,0.012442493243744478376,-0.24557417894547226012,-0.00029091171994850926336,-0.00077425854584325384204,0.001041563794668051322
1575909198413766420,0.0055266909499445586798,-0.0025088062920486258779,0.009349684615992020012,0.045351765350826842016,0.96808490486534093389,0.012644904329728576253,-0.24616039637991984912,0.0018109320452986206636,0.0015850595339380471951,-0.0011190377205369291935
1575909198613951755,0.005209739204467887623,-0.0026539081957646414381,0.0094905473113800660478,0.045359077528480416797,0.96807532293811371371,0.012609046977340712323,-0.24619856851402538434,-0.0013063468898327683463,-0.00042928575499628788062,0.00045264025702950692063
1575909198814056526,0.0055076770337316180784,-0.0026338046209132652542,0.0093894743781883192868,0.045321146116065857967,0.96807902481794871896,0.012674567865438100822,-0.246187633222466562,0.0018909161810337807123,-0.0002899037546878669336,-0.00051681602926667048747
1575909199014091372,0.0053144781345350533205,-0.0025759091565323785633,0.009518241216849201991,0.045371612546486604634,0.96807585102334425819,0.012613768172138873497,-0.24619394040645739552,-0.00028665615218521277004,0.00066342351933154175385,0.0012074571177085554642
1575909199214168873,0.0023866549043484366205,-0.0026606664287171103225,0.0081680713474642976241,0.048038073835684549917,0.96776733109585466597,0.019156831688054140606,-0.24647870521698014845,-0.032799182963087085418,-0.00057846700943559373458,-0.015936979896236380672
1575909199447650837,0.0080649833253719285797,-0.0029348210207132807009,0.011132817911242581105,0.042354671082319113318,0.96594871191470677019,0.010263940701987489881,-0.25503689793653966378,0.029762271959597203647,-0.0003914075149616508785,0.016487263524685671912
1575909199680284796,0.0049330788692800798048,-0.0019276875874807330915,0.0066107239165906573133,0.05351988940666832506,0.96212366413206973359,0.015463967950716335856,-0.26686052920991720772,0.0029942114590185216379,-0.00027564351462855646129,0.0039652373201117044332
1575909199881074882,0.0049293949988582028837,0.022435255467564335641,-0.0068104164146038821681,0.056245373621839650502,0.96149135723368062134,0.015706289694077873315,-0.26855937960741532722,-0.0059303006408032068325,0.11879777605685920561,-0.073389513034039399741
1575909200081202813,0.004644659644415837299,0.0013802298842180119216,0.0029991979463898565603,0.046059808766872906149,0.96685408841889897147,0.011880302479883475542,-0.25085957055094643131,-0.0017177976446530092165,-0.030068607522700494666,0.021988627561026943824
1575909200281354973,0.0035268172543095172543,0.0029776283473636395473,-0.0011414932717189760301,0.048411206815691304461,0.96341658674125940642,0.013666260049707156313,-0.26324526355230665198,0.001130262700223652432,-0.0006183787154617800385,-0.0012456586602261642861
1575909200514186650,0.0033478740484874603897,0.0029738305633346283005,-0.0012014619046227623545,0.048543177993726469022,0.96244902263707587942,0.013757656903501147214,-0.26673238568222640277,0.0008227378260263416539,0.00088803868701501026753,0.0011131567014510518852
1575909200714882622,0.0033716506999675825013,0.0027830568392881137318,-0.0012158349926939141048,0.04875475384703364945,0.96246442434126600052,0.013933326609309966415,-0.26662908368058529929,0.00090360498836173080029,-0.0014192798938704479991,0.0010116331122448703628
1575909200914966114,0.0032820820952438461982,0.0030806643499123758691,-0.0012883310702641549358,0.048799330976003973959,0.96246749621373084427,0.014078128365327558652,-0.2666022324176887115,-0.00036249517836897394681,0.0011622104256795184364,0.00027806533263820748048
1575909201115904346,0.0035136789973172727168,0.0029412504459744807234,-0.0012289025609389071184,0.048879163807735097336,0.96245255759498338222,0.014005216056323734758,-0.26664537432242724213,0.0019484987322153882617,-0.00043149230780114634139,0.00035058505489604706393
1575909201348711986,0.0034718721455518804231,0.0030945100835662367987,-0.0010219760880705479941,0.04884983736413625599,0.96248004731808634027,0.014055445486732426677,-0.26654886298058189098,0.0011516596719650096497,0.00088995942370136051774,0.0014106219431924405232
1575909201548870168,0.0033719665783629522611,0.0028847580188771310486,-0.0012362424667021721606,0.048985932316669561493,0.96256705154811239566,0.014101616244000225384,-0.2662070512370903197,0.00013718765586114730595,-0.0013624404713913598926,-0.00068869452736546737937
1575909201749135788,0.0034312916354591570245,0.0031664975093955156742,-0.0011164353952900669953,0.049009815475041920707,0.96255910012958822985,0.014122991633587192797,-0.26623027223089573701,0.0009978940556519006605,0.0010353882749201967842,0.0002469006963900634375
1575909201949311693,0.0033534831826032740661,0.0030813157855209393626,-0.00096735464888280547381,0.049067189834214784694,0.96256872384006664234,0.014209474164948519836,-0.26618030282241739171,0.00029853736114665671997,-0.00031941828742866466059,0.0017373310633032406324
1575909202181694517,0.0035062140558780835291,0.0030547935979912295423,-0.0012988931991233236985,0.049011146154747005366,0.96256932533175232347,0.014198915788884226494,-0.26618901606451150776,0.0016963268539961322279,-0.00034359954854823102337,-0.0011002621865598893533
1575909202382763003,0.0038479225130273408094,0.0031907731647763198056,-0.00064862761904219308484,0.049304996636575323943,0.96224732659241785093,0.014260952912721606978,-0.26729333136917704516,0.0017752907735918950841,0.00041627995062174221602,0.0025517943633824556604
1575909202582807404,0.0035864436771157574835,0.0032030404654566717836,-0.0011111346225312077399,0.04930424155616714571,0.96223834235363514544,0.014333176603037664498,-0.26732194881371967865,-0.00069422752746683220795,0.00065498416040057850975,-0.0017398043199585936508
1575909202782987683,0.0038438927016082322444,0.0031495815958611579795,-0.00084966807325420970216,0.049342943954764156844,0.96224277971357985439,0.014304038382368057178,-0.26730039516789938503,0.0020005806480213918219,3.3955040557257790883e-05,0.00081451378845661585957
1575909202983237366,0.0036521520474365231149,0.0030920243028751907138,-0.00092157308769572749124,0.049380471031840712792,0.96225781410756738854,0.014339395025252601665,-0.26723744127630943979,-0.00029784384278598629095,-0.00032021834991277918795,0.0001595888018979674933
1575909203183326823,0.0037708358194604063747,0.0031659989386385095286,-0.00081810520982142343437,0.049368603601913814416,0.96225990108093006903,0.014345443486755508553,-0.26723179451794881745,0.00054786809113764340512,0.00034333959048902878107,0.0010838502286175054866
1575909203383599815,0.003692717160907834674,0.0031484566667662871459,-0.00098357028749678832892,0.049326436158438284607,0.96225771314025609904,0.01445496585666596577,-0.26724155769654173165,-0.001006796069396674511,-4.9349574549089622879e-06,-0.0010579446786682924694
1575909203583724886,0.0038165350140954503073,0.0032586544903732217807,-0.00074779813017108532139,0.049416216657443556848,0.96223897542922098847,0.014404010921981798277,-0.26729518545148950315,0.00024199276670576279867,0.00090899797520632914013,0.0013680040155453099694
1575909203816940736,0.0040773213691569325234,0.0029974137578351730746,-0.00094989368569676330654,0.049397786236169791141,0.96225966459370593231,0.014363734603410774002,-0.26722627067565113412,0.0027442538465236167126,-0.00111933550351412444,-0.0006979096556910923798
1575909204017545790,0.0037232422569323194751,0.0030233836397579260356,-0.00078071094156938669259,0.049465762126995882486,0.96225117457850628533,0.014440254201922695168,-0.26724014379966115618,-0.00068327429893154986024,-0.00058377342498157651016,0.00075558487282410878669
1575909204250237772,0.0037782013786067836399,0.0031470602974506532191,-0.0010139503149477441073,0.049472844507030572236,0.96224292611169270906,0.014471624725517814869,-0.26726683460952271876,-0.00016418982175297398601,0.00080299851923012056758,-0.0015536418381682901187
1575909204450346552,0.0038178877312402049495,0.0029787732286089998839,-0.00063884407560638406618,0.049503466728627237847,0.96226978970681353864,0.014537594513118668252,-0.26716084470824752461,-8.5917423463976094668e-05,-0.00088396725021743459676,0.0018848233106037669791
1575909204684163479,0.0039972434900338443819,0.0032390552665190709344,-0.00088300480610077614063,0.049480668769403220175,0.96226971523932158803,0.014420594553261532195,-0.26717167702452615519,0.0014172217304068723299,0.00098966148248865815421,8.2141864144836049385e-05
1575909204884608179,0.0037692416590903738555,0.0031156795895844035388,-0.00095602146935671726991,0.049461592198728344949,0.96222636900370595026,0.014500557195008182201,-0.26732695249851712305,-0.0002768332458916609117,1.8846866056040439502e-05,-0.00062764756800559942662
1575909205084979614,0.0038076970510243805454,0.0030654232507969941292,-0.00087659660726882831627,0.049424331180534492036,0.96221166185016560046,0.014501968857850782227,-0.26738669784816332387,0.00019413836272203117972,-0.00063989120263985928196,0.00061566271525344122041
1575909205316834937,0.0033357241793836550463,0.0029619926686802995966,-0.00086531197630050626923,0.049249770500027219289,0.96228767495107836449,0.014539229184632589467,-0.26714322293043252232,-0.0014083786399237993407,-0.00052802126298962448123,0.00084543061970249753015
1575909205517838808,0.0036488300274249785629,0.0029218449787101184213,-0.00093639748092965661291,0.049268261176866834372,0.96230890035430038942,0.014573674460268278355,-0.26706146624369309084,0.0016551079538098805322,-0.00047048842933508085943,2.4579572428844752351e-05
1575909205718622655,0.0033173073391956904403,0.0030413453023640751698,-0.00097708825757651988041,0.049308907687599309866,0.96228537424093207875,0.014592083421705310045,-0.26713771962427768081,-0.0011172343716274186608,0.00098846682724868959943,-0.00027575271096078843606
1575909205951394453,0.0034799375081001355375,0.0029000388868384943154,-0.0010755384004336801529,0.049243348559087816996,0.96228045997150191138,0.014489592614828745998,-0.26717309124531857245,0.00036671018144254855778,-0.00030993291824119386952,-0.00027673355948015337631
1575909206184894048,0.0035047680484504117708,0.0030081061680929548942,-0.00084501800315247188773,0.049229289284902902346,0.9623192062234803279,0.014583260956517825682,-0.2670309924143419722,0.00090098694227041110742,0.0011183279017821234902,0.0020709065857438891181
1575909206385177328,0.0033346930564955501106,0.0026222820036492398496,-0.0011026817374098179907,0.049318160248359541042,0.96229446978212507258,0.014588297661064297123,-0.26710345199530499682,-0.00066049346375981283965,-0.0018685197345459914325,-0.00036575442941653199102
1575909206618501095,0.0034621950894098973972,0.0029155209060864875278,-0.0010292772344147336008,0.049277358921864695962,0.96231395579134515472,0.014569517327127348358,-0.26704179738713829106,0.0010761088743488423421,0.0013752953658478235099,0.00014492580405645250812
1575909206851992759,0.0034566398583800407238,0.0027579806749732991948,-0.0011389573267586955256,0.04927021933017335098,0.9623340758358991387,0.014603469299463637046,-0.26696874471863202283,0.00077235895818657859108,-0.00028510844225937425917,-0.0005064790584788027468
1575909207085491630,0.0034648760081135362987,0.0030585463654842666437,-0.00077605861672815318157,0.049216734934004156832,0.96229784290805775449,0.014575580536475396531,-0.26711070174921847098,4.3867613065469272544e-05,0.00038857928932374129639,0.0023921397404069919511
1575909207285637216,0.0033962442000801773383,0.0032377636276364383204,-0.0012048125181496087063,0.049468087708567545779,0.96244085806745571787,0.014559220784537706822,-0.26654930521572262059,-0.00023511787597064900913,0.0013658671714899032167,-0.0015360542916420130786
1575909207485728432,0.0034240727013911519822,0.0030660613870753818631,-0.0011226386690259325483,0.049473153829687775696,0.96244227887815347877,0.014625290305979797914,-0.2665396176207898149,0.00070697828910002672061,-0.00040957361846586575003,-5.68885488523870566e-05
1575909207686056401,0.0033755863093295679009,0.0030188990404533826324,-0.0010154503900036829841,0.049512681873480478278,0.96241003548001136103,0.014641201128479323923,-0.26664780736127297045,-9.4916092786507397163e-06,-0.0010121730808926616019,0.0005803836997125638936
1575909207919406187,0.003328797267898137794,0.0031268378134174253623,-0.0012725161098254872578,0.049463962707170586186,0.96242735470391760355,0.014601931232143946712,-0.26659648706465599588,-0.00022640324626264611975,8.5488945002415518194e-05,-0.0020866278744597556612
1575909208151952176,0.021743728445682300454,0.017587212445285570206,0.029226091749303458739,0.049821511248590778786,0.96179756129578564128,0.014868572035817042079,-0.26877907966953445973,0.081193656762300309149,0.064145938657378859249,0.13506676575362094872
1575909208351969059,0.0045780849062412743572,0.0034056805168681241608,0.00087549683542200600929,0.04786719165462767489,0.96202231940310245495,0.014308352453177373975,-0.26835994481936037426,-0.0018990221132958592324,0.0079353480845759973017,-0.022314971038689724453
1575909208553252955,0.0057859841538331659161,0.0058977784895193445525,0.0019943353990342863741,0.039369447951821741338,0.96185858775807742127,0.013181613038027287926,-0.27037815888440708267,0.018862523373333495158,0.057318539937144967478,0.00065595836250332108588
1575909208786252259,-0.0072009243342576814695,0.01186468355610972511,-0.0039594230473746893501,0.010326528463822676196,0.96359834683171063929,0.0092868107768871843016,-0.26699315335542711525,-0.1304655977655518051,0.054395843101203475434,-0.0085318148025437193921
1575909208986409861,-0.012130183027311863819,0.02853070179147689997,-0.056319209091522187682,0.055578067172477110813,0.96615981730690481122,0.024672682960966235005,-0.2506741801350265697,-0.26540449085118344996,0.050925950927694051129,-0.42418475121995480315
1575909209186537291,-0.062910205556846371389,0.088676476593297998141,-0.1308442012971284818,0.041627246293132684485,0.96111262492099380772,0.011586117928515701769,-0.27275530509024881187,-0.12920426907462162491,0.29190237029808352442,-0.45369815739903435192
1575909209386806526,-0.10610449668064904361,0.016034407657170127864,-0.24760593575025940938,0.040991040602001573012,0.96287933511708756473,0.016432795404214817908,-0.26629510665809141834,-0.22995860465881357015,0.036712225556194071074,-0.55230580093396086649
1575909209620379722,-0.16450593241685165791,0.030177712365315464277,-0.31815830499898078987,0.022907287721768032629,0.96237032824024182354,0.0095031517787019809812,-0.27060727558266572945,-0.42179315010743834158,-0.022594864747695564411,-0.52205733335658754957
1575909209820607778,-0.22007465094340186718,0.029541448545441367085,-0.39545210829314786372,0.036399960116916714459,0.96172990787606971175,0.018111339436110727996,-0.27096606168301584638,-0.40129310752719432598,0.021748529423590304277,-0.59623121112105004205
1575909210053864635,-0.25620372303901123301,0.012916825602304591453,-0.48617635812096615666,0.045413496516460795382,0.96218044771050081909,0.017602805042479862524,-0.26802339754656989701,-0.18680614160992720096,-0.0082371394067368639003,-0.38090379905560811657
1575909210287316358,-0.3128506911655604128,-0.045769774439358361373,-0.58034690439419667207,0.043539286612646964369,0.95522435700550079041,0.021349436117302549032,-0.29188175667924692869,-0.20531451313576687401,-0.23795892553353920063,-0.32996678260918260728
1575909210487826844,-0.31474222927796879912,0.0019935165447221340172,-0.53301632860834768923,0.032862096052472006269,0.94414657897603215808,0.013614052910956382994,-0.3276003321338846197,-0.14403870838827551037,-0.08290775458460090952,0.055241988788089141371
1575909210720621961,-0.38944896680968332792,0.017571226936834966059,-0.56893586319602107437,0.028980118973370435492,0.91527337649428819333,0.033291763237190491465,-0.40040786391577520842,-0.26704861972878540799,0.07139883449449752062,0.036216385769083939139
1575909210920774191,-0.52445193252737731804,0.02443418012689010238,-0.62641494408263087568,0.014390202165483716515,0.88434907766658998884,0.014032337557329636196,-0.46639331514781179333,-0.311084301131138663,0.0016088965155726417215,0.084434814272382988087
1575909211120830377,-0.69301673669177987769,-0.038194538012558523765,-0.636380954475948446,0.023711663143311672436,0.8527469257354746146,0.030985952593470613564,-0.52086496179101093862,-0.65247696141738975584,-0.3573582802373707068,0.17372261220096452128
1575909211320893297,-0.74005708409670056813,0.047268589414061895626,-0.51360104358170399763,0.020206350358601934264,0.81930824408196534225,0.028888725341605102359,-0.57226842140087608168,-0.4711741414346472534,0.091358952072164198444,0.61425773134435479594
1575909211521195685,-0.86004645787392508538,0.019341711503264330529,-0.49388792519664431735,0.030415464786223814914,0.77818317799153990943,0.056687896823360617304,-0.62473380198815120501,-0.50911132616032717113,0.042756682719141514415,0.45395753674375627362
1575909211722681169,-0.83596794151734143963,0.067057269223158508242,-0.43665225104679644685,0.0065469258541884546576,0.72501768418253553783,0.0318393927260739798,-0.68796275222957326001,-0.3225197478911618898,0.020672972397638905706,0.34751641539689948068
1575909211924357395,-0.89373623978332494833,0.17093308820492100764,-0.37000544134145518793,0.0068958852449439445031,-0.68846652369467919996,-0.018614191133278414764,0.72499641682349547089,-0.22692716442672702937,0.43060640059980836991,0.30358307832292741324
1575909212125727038,-0.97592125425735065658,0.085875306866620662594,-0.38064349580320883115,-0.015861139211396858145,-0.69320627749839192067,-0.046477999432912725508,0.71906416728165156727,-0.41573723135394968775,-0.037149203351841811327,0.18332718544279250072
1575909212327459032,-1.0136927468948171427,0.13291472977834040137,-0.36516275163900868694,-0.032071940101272310153,-0.69014585340641732003,-0.057875994144443707046,0.72063892552780017819,-0.24676587020251586346,0.077273301406818137305,0.082040086671674755658
1575909212527726493,-1.0104979033241274777,0.18556935196429277801,-0.38735212543387498307,-0.023789674835342066589,-0.63597988152565210207,-0.058279776690576282072,0.76913399957012973385,0.14739949563169069124,0.26092941003320924143,0.03435369012968611524
1575909212728007764,-1.0304243144447622349,0.14278547545940234453,-0.35962905269767392324,-0.0025807651404332956901,-0.57907449215085182725,-0.027198677330791717899,0.81481673040198443481,-0.085051333908989418253,-0.26334423670193157774,0.099491265005348300532
1575909212928359426,-1.1310058371762166107,0.12253144362566512071,-0.25304287415841247855,0.011194010321407316458,-0.53625929877697908754,-0.02621029887052203286,0.84357197608814993295,-0.39897171646395424016,-0.28492690305734713618,0.46774620517802767417
1575909213128645643,-1.2178178827586825239,0.14087999225317057728,-0.1493446540819283741,-0.012116318866819894562,-0.49463642438055921424,-0.075700313594690912811,0.86571211439762096873,-0.34725834838149077788,-0.066183228260984230951,0.60720549155038960887
1575909213361639325,-1.1801789924336076876,0.21643325090840942471,-0.13378516795570799536,0.0082873722608511092569,-0.45142258055553380336,-0.033885722290183037386,0.8916281349590007288,-0.20591989230251717125,0.19702627306630962623,0.26345399816385284275
1575909213594395149,-1.3067529453412776164,0.16817467888831169609,0.0024183551603933622909,-0.012213804874064825706,-0.48698829906219154307,-0.087186579372160413759,0.86896013713195996431,-0.53900650914393266611,-0.11646456963518522776,0.54349650795597304054
1575909213795271186,-1.3360912903168569166,0.25538622840203784037,0.019657647034468019032,0.010461157611744455881,-0.52127514425862464531,-0.025316046240178025073,0.85294893514344594099,-0.12290675263257766492,0.22672523408204675599,0.25006222623268348215
1575909213995653271,-1.4461738750033783507,0.26325536995654841288,0.017621845564836612075,0.020504874885043752886,-0.51858599885711342825,-0.020144833899104357816,0.85454215669122901566,-0.4423738783667201524,0.19551115373027502797,0.19999087523810077371
1575909214196024611,-1.6191362585537869556,0.14442960387913936215,-0.028267558292349913296,-0.0084059651807684172137,-0.52082727602195133532,-0.063420003114352807572,0.85126152944081190377,-0.82888314039092059193,-0.36966916245995440349,0.018493200222017131679
1575909214429157871,-1.8752699745622150029,0.11344433379327160949,0.093851286358949403965,-0.0078509680381534351079,-0.50558661057839049402,-0.073725259531834105853,0.85958427603794806959,-0.85964606032928858603,-0.0433331236954064003,0.14830271717648352281
1575909214629402344,-2.0723434321278810799,0.06162275667176611571,0.25910295057219440151,0.0092170069671940937223,-0.50666215978541317977,-0.040557954581104976866,0.86114084500988852255,-0.81989735392110962842,-0.14525333876711507552,0.59421098590318510713
1575909214829414381,-1.9966302244090661233,0.086809624071680357993,0.19854769634226482333,0.0079786031908037988863,-0.50447383455221883608,-0.049794594113606566177,0.86195300947346653597,-0.51352415525510319849,0.052105757666037727516,0.31802922942467776179
1575909215062238665,-2.0490381517534710376,0.051677107699721738787,0.24952596171923058233,-0.0003610119507895673068,-0.49837726288438727318,-0.059449964641085456529,0.86491946169248157261,-0.34997165708649824456,-0.062335087765427142636,0.27292510856179780232
1575909215263082182,-2.1103225705923014388,0.0082116275674569486065,0.25809458057396544861,0.0025405634650965116736,-0.50714864152859950863,-0.054506390092439398198,0.86012955673669733159,-0.46616227557879164056,-0.20836397496845635025,0.24996043480696591987
1575909215463182737,-2.2132477762746942673,0.023100882819754465364,0.31630329552026881235,0.0087375148745927160021,-0.50207662653287521426,-0.04442635269738391679,0.86363708588109655562,-0.62921290184098233045,-0.1388350423988625737,0.2994823801227552984
1575909215663366739,-2.2792468807349477444,0.05995697763321257423,0.37679652557855330963,0.0022969100196697355559,-0.49922871232007393072,-0.05404210652232112333,0.86478024244442208701,-0.53295198878110050522,0.046424760317936145104,0.34721648023031176367
1575909215863379787,-2.376425889066640984,0.13189816913159085887,0.43891719504292103782,-0.0002631125428540560026,-0.50231626361962034011,-0.061922468379479844725,0.86246386010360287511,-0.39202801444537138664,0.2209544563729594624,0.37415614272754926795
1575909216063549634,-2.4912495262814102759,0.12599031781716518719,0.50283716514389420471,-0.0046093345627056733771,-0.50245178408896107314,-0.066952476669625171635,0.86199670798009031536,-0.48586374677839050396,0.096814138691961135197,0.29244305316587021482
1575909216264030935,-2.6394208593894523673,0.12788534346952107335,0.53558423731951521063,0.0013728133407500640872,-0.50050771095016799439,-0.057375881855443226776,0.86382761870888646882,-0.66076208046706075283,-0.0014674910124411813528,0.19151258089714912058
1575909216496509221,-2.750287198304130154,0.14015711896148139171,0.63538702613373498895,0.0040130124467003293331,-0.4995136286399668446,-0.053142046542377557872,0.86466522621377828184,-0.59446821195139731842,-0.018375714098318673972,0.36277721064243423355
1575909216697442431,-2.8864495039110438235,0.12106947489802395712,0.71360254255817623381,-0.0019911005585133319251,-0.50253486543376979512,-0.068241309600088423393,0.86185722031325739945,-0.58972402889893016376,0.021807281440143801154,0.31601622394951922601
1575909216897752900,-2.9981840792046541289,0.10554990171858447123,0.76405120730543973906,-0.00085912208700465069518,-0.50697843098565043007,-0.068439248142874983816,0.85923698811108373263,-0.57011328225535740089,-0.0057738127464272842593,0.27745659655315807468
1575909217097796002,-3.0721958061989735889,0.12243581689488558517,0.80150233335146503499,0.0010990868208779903514,-0.50825602593738150592,-0.059936850021310897341,0.85911709220339904647,-0.52525941827879885082,0.020573231638825587031,0.2331213595689487772
1575909217297990918,-3.1920441882993642047,0.19024428008414309699,0.89233827262906351141,-0.0010398862469404915581,-0.50639549150852214421,-0.06796133339660477557,0.85961839323003785829,-0.50983932047030888768,0.24856913232480237763,0.34921685645255934327
1575909217498339339,-3.3448341133876184905,0.12854064135811005265,0.95420440484325519392,-0.0019032661408005678485,-0.50611598781870437147,-0.06722315674480119907,0.85983953831488768582,-0.63683861831135024634,-0.10868198834222331239,0.23267499249648826432
1575909217731038522,-3.5013133346497586906,0.10702994462606500725,1.0631285916249180179,-0.0014501810006263152284,-0.50769296787386886116,-0.065467343271542202676,0.85904585111125197905,-0.70120558629006779494,-0.11668413898775706339,0.39967562164538950054
1575909217931626730,-3.6102552238027452169,0.16447588808415219974,1.1221366450156560202,0.00069012909473386229407,-0.51090920978404430475,-0.063815336525926025235,0.85726244867237699765,-0.63645742986225561921,0.17979642726124211993,0.31835847980048659345
1575909218131792585,-3.7479336767366859817,0.10043205428820192737,1.2052110454447950705,-0.0037157995603149824443,-0.51162487415257673629,-0.073286236134279231225,0.85606968675176153827,-0.70065664266545568672,-0.22601014947256892196,0.31920107323446611503
1575909218364320493,-3.9025327440739832063,0.1513450114515636491,1.2525240952759391089,0.0049407837720625681979,-0.5073714491315389763,-0.05366144311990171667,0.8600408425093371001,-0.664929101289634783,0.012945658742504410899,0.23868064125966850786
1575909218565533498,-4.011568677529813165,0.13686225161064108358,1.3574342601566937727,-0.0040783617631462406108,-0.51184516288835868458,-0.076656171749938717408,0.85564112075435194704,-0.54859560978461108238,0.048582224223743947222,0.39582330183503883214
1575909218765564210,-4.2153006611657195535,0.12786600967991898492,1.4472006342429761805,0.00028977710886439483505,-0.51475703846010323339,-0.067270621606247152369,0.85469279326183700274,-0.86446267659237863157,-0.011258678312926512222,0.4102325006905171989
1575909218999825479,-4.3271695119209097058,0.14745982999868167962,1.582139168857148448,-0.0017074358506505358905,-0.51130380068083236544,-0.06597687388415716947,0.85686204267934917844,-0.69759384081627073826,-0.017311601161273448835,0.66463502191459855606
1575909219232296705,-4.4417724577489092752,0.18450491433864851798,1.5627555054564574721,-0.00044947831869221444544,-0.5070650895425007354,-0.071799890303582608597,0.85891185152429438965,-0.58352427865827083409,0.17955983255012919475,0.22851563410234587703
1575909219432781596,-4.5966765133996618786,0.095247669289254321967,1.6395452615589853895,0.00083760389757577425468,-0.49870555009829808935,-0.064561273876386021664,0.86436330014428774948,-0.65857776457832961636,-0.29636560622555085942,0.26126718977262047838
1575909219666187123,-4.7069876644203310079,0.20430368458603959114,1.7687311595915025109,-0.0023980496873592014283,-0.46477625324891780334,-0.08499368172400208199,0.88133612080783052534,-0.27930458084177806066,0.2639346349424359639,0.45073361533256189881
1575909219866265095,-4.7451937048247501139,0.18071948503363727268,1.8311817647680610488,0.0070464519526526820173,-0.39029205508912356848,-0.066151730548609566362,0.91828449175329796006,-0.11244124093015719912,0.069036670395106941589,0.30723536424307784642
1575909220066455002,-4.7984646861510293903,0.1348434583614000204,1.8931319393904373349,0.019400528369973659565,-0.32606452833809379532,-0.040794479523241465591,0.94426762800545649412,-0.076705987819201890132,-0.085974484964931471853,0.58844828273558014153
1575909220268362240,-4.8290839327308194839,0.123985418896121663,2.067410312665359573,0.015209914731347976696,-0.26720310437623184807,-0.057217006572404888187,0.96181982390906461955,-0.12888929553403147277,-0.11797235528924490677,0.67682667255223871727
1575909220469170910,-4.8240561745879926292,0.16530456120417166832,2.2035704959782904666,0.015674736155028547169,-0.17499513357184601214,-0.092350860884534979878,0.98010322128157933985,0.10182725324987476623,0.27108154362029546203,0.41460138356453890562
1575909220670627855,-4.7997563036800059422,0.1760331158361567172,2.2667286058982574204,0.01769030255685813055,-0.088561343288917501737,-0.061637238689997368712,0.9940044227653027642,0.18760598948894879889,0.063658281137700958863,0.20710827408157278517
1575909220872458835,-4.8004292607489347233,0.13729835012204497091,2.3720238619258959822,0.026556242557168607127,-0.014845344841348265263,-0.056186153200766170146,0.99795666133669724829,0.16681201348909330262,0.016898018045523641173,0.6318190710417772582
1575909221073782723,-4.7195614041900322277,0.12200916529741974437,2.5207774401385272256,0.039613033167540903645,0.07754568852535269341,-0.089586324083195195689,0.99216519004229242196,0.2757409544127334966,0.14627921791665188245,0.45694529094454722218
1575909221275661004,-4.6562470049085522561,0.10126421991254176691,2.6040810081423857447,0.031118551900043374403,0.16574526590621402322,-0.05926316561499948149,0.98389431330738608139,0.088847647385074779436,0.021661202726829746623,0.3171849670351227779
1575909221477094093,-4.5837748265152544747,0.079854330996448341651,2.6315559720666423793,0.030892835997991835439,0.18505884351426538093,-0.036524829372608237643,0.98156242489230749459,0.49430454241245241898,-0.33267766579232532775,0.61828008707018633494
1575909221693230053,-4.4396527459764270063,0.089598696552215778555,2.7808758784004488085,0.043805628693408385499,0.19921659476204789385,-0.086012244205167287525,0.97519008870731505034,0.59725473007488505406,-0.16129650050227317681,0.72778459858554178652
1575909221893645249,-4.3532236640505761471,0.11407375846096343142,2.8922307719484305899,0.036309197972656873099,0.21491112402840709117,-0.064151999152380859148,0.97384771495146160714,0.42926775061137900646,-0.0072201695210623861865,0.49702879014181966522
1575909222094145521,-4.343248186774515851,0.10480975126556690835,3.0104169750924816285,0.032662033615278647514,0.21255756792945149081,-0.056292570734867562743,0.97497877841319813275,0.1725385779959478505,-0.17045215565787474876,0.61810044570665922947
1575909222294343786,-4.2729869538872851109,0.10748215793144973162,3.1409935226544489772,0.034237814580159828259,0.21860008309175699148,-0.062536966744369176796,0.97320650610004988401,0.28296962142120629657,-0.20463261510343222493,0.63275053503183953385
1575909222527495250,-4.1789827877207956774,0.12081619463156917371,3.2863664015847002808,0.042198467338765616175,0.26707656057691636642,-0.066451336748867315118,0.96045490263153621147,0.30893867435315958136,0.1489419229929646038,0.52798787417821413381
1575909222760067947,-4.0822703839381651036,0.060240577199847294976,3.4021478540566052473,0.030275320900412825559,0.27129662838933876756,-0.043318383311585925699,0.96104373575619617132,0.46055465795074301827,-0.25492168187549152369,0.63934087079737089709
1575909222961163834,-4.0355314926667906761,0.098273452006616218712,3.4825408799103798607,0.040533914550221115947,0.2714523021370428002,-0.060546945884589545295,0.95968990657388097976,0.40730476354048517074,0.030695317770905082566,0.63166173438528461226
1575909223161217076,-3.9522289427233241454,0.077532610870783558177,3.6688130554266185079,0.04599953688979110944,0.26895993361563630408,-0.079368084627958260246,0.95877281138854120179,0.29721616037829085011,-0.040427760782493007974,0.68460476559659166895
1575909223361338262,-3.8709801578688862733,0.092200018221097718163,3.7936967964198076153,0.041047505225008079632,0.26853665409438148837,-0.061142976984321549538,0.96045026112136233643,0.37088483943314193292,0.084567999303635038588,0.56116626514771161816
1575909223594880631,-3.7778606154229574798,0.051434856311315210742,3.9579399759341020726,0.039598908111499929452,0.26681434612233267956,-0.062559511283145963212,0.96089975477554567806,0.42559096140039720524,-0.14015618482500624697,0.6596297304745718515
1575909223828509847,-3.7131331384968815357,0.055700937822513903186,4.1214339989569488409,0.042087943196051164074,0.26818308332592982746,-0.070644453915346613893,0.9598519677462388211,0.28016693384722246574,-0.045718441009143948039,0.70447363589744771417
1575909224061640870,-3.6356725894473509442,0.086096578244350699394,4.2802961446412348678,0.042610246069071829045,0.26758424110084688685,-0.063311335484654701622,0.9605075302378255353,0.32265919310272184184,0.093790947002801633436,0.72260043856280598007
1575909224261759008,-3.5405994258529971397,0.052931895850221344357,4.3810640340888493682,0.040902405487735112033,0.26625456758172794114,-0.067552603308645750579,0.96066234664080052408,0.44211963005727600295,-0.074811123425535239195,0.5971304255729655841
1575909224461900281,-3.4738209633885124283,0.048503013923284751807,4.5185580556809856745,0.046110602405738304599,0.2637907454744462532,-0.072748234609296760778,0.96072678182147464021,0.41900784897051690514,0.0085656267575841549267,0.57746276880121372166
1575909224662196215,-3.3870690257765145859,0.010643668233709296933,4.6844189208411393111,0.049742748913732606764,0.26531415978049394111,-0.078242365749617542869,0.95969379895484352438,0.3971990995606718422,-0.10523276828830821494,0.65177914626577959645
1575909224895699297,-3.3082559271659488509,0.039599614759970210021,4.7980457889458989484,0.051705417337831197089,0.28867233700709710176,-0.08654426246777728593,0.95210552056938035914,0.40250515967904237913,0.10452070067506614992,0.36197069659789671281
1575909225128997440,-3.2337137467724246243,0.0075453003264886638057,4.9672835531718932955,0.040376774574514169569,0.2808634769256366237,-0.056470612796779985632,0.95723377149709787393,0.42814675188734147016,-0.088655615953250777039,0.67178500196777501952
1575909225329587600,-3.1339423859500827874,0.012076678085489673045,5.0740063762938145686,0.042070017891953401246,0.28384799300495766605,-0.065080990398956720111,0.95573264836476101713,0.5239963549386724706,-0.098699020998843700614,0.67317942074757153303
1575909225562519553,-3.0421727214918572457,0.0080455570332226902797,5.2261234535677782986,0.051479721257528858469,0.28366216176292635698,-0.076434132073247076922,0.9544859557570455344,0.42254643218282522676,0.035252312218439926794,0.53782564697926749098
1575909225762658045,-2.9755505536739503825,-0.02056097380182818346,5.3638545139646041093,0.045814902366126446231,0.2825559735793504168,-0.069048844355134600392,0.95566488562101559179,0.34417951070593455487,-0.13541464225259539078,0.67199560985989059692
1575909225995914744,-2.8821588982212866803,-0.0059536820699499122533,5.4942370577190278169,0.054758824208167779235,0.28270472915362132582,-0.088835137021651258693,0.95351341139800538382,0.44094558597808103384,0.037951383196992136138,0.55739079381135625546
1575909226196509839,-2.8129447709876527206,-0.021058807454187596087,5.5770890047943089129,0.046137383527362359203,0.30511753471886704503,-0.075486060300399240863,0.94819643879770798556,0.35067950711221768101,-0.045861299191795636132,0.4569104967513976101
1575909226429632847,-2.7152702603543339421,-0.02583919925715724708,5.670239532788772685,0.043168847771073950992,0.3434106203082242792,-0.062217616229592438704,0.93612742971902418443,0.43703882205298483221,0.00085053419520621231786,0.42515837759031466225
1575909226629753556,-2.613066818158023441,-0.016869081915815056782,5.7282576136621390361,0.047995266469827074785,0.38117853638437870778,-0.063266123713351801738,0.92108456473151312238,0.50842767774539165959,0.032374952442839513567,0.33142187491458729998
1575909226863410141,-2.5456085889497837016,-0.057859024555019775149,5.7877031632902093961,0.059582255421157886977,0.42977796217550384705,-0.080498638199646699309,0.89736326385427789276,0.34608724538518570446,-0.084700487087767270533,0.13489842858832909456
1575909227095654414,-2.4580019029747051107,-0.056153368031240845359,5.7972738966139765182,0.044313544707952894075,0.52085763324684097864,-0.050310988283210650307,0.85100672153742906723,0.2469038972575724189,-0.028030770544142664946,-0.037256337589639726415
1575909227296964576,-2.3469308976081681983,-0.04062733234792399728,5.7840043434356926966,0.037424927307940968058,0.57335631769602379837,-0.037154134124749819967,0.81760716612043760065,0.33090356696026390626,-0.11952848025128409715,-0.20852340682123493565
1575909227529983186,-2.2702338527783068045,-0.031712639008262481777,5.7668122601023359408,0.072227308721422578408,0.62484774714286950292,-0.067448282149181526535,0.77446706708579060585,0.43939693547583319466,0.065457972905464248403,-0.11832128395076092764
1575909227730056598,-2.2117075551860065907,-0.05192081828291518486,5.7229234769206742683,0.059768607661856189284,0.68612520287033273991,-0.057182408835874616593,0.72276558554211478569,0.22496052681778375137,0.047818081716182514462,-0.2039937719992754861
1575909227930240632,-2.2064579847003318314,-0.074656795562760086549,5.6805529748191592176,0.047317662792305738295,0.73921485285857790881,-0.050240717392774809913,0.66992410795328538597,0.022270655838918351765,-0.18397828047565578657,-0.24789603675266061455
1575909228130326997,-2.2098486957749159387,-0.05733368851144650391,5.6417825998987112257,0.067474952227738846378,0.78685468858519147517,-0.040754210957377141888,0.6120832657103184582,0.16602505460030178575,0.036929722589580091241,-0.13058839089726306804
1575909228330341293,-2.0905611397636603144,-0.022143162934988001173,5.5830517701901776206,0.032190189031541208142,0.81437851773071900929,-0.025657356255177496407,0.57887228441066895801,0.47418846739618725206,0.042047300392895108068,-0.22724235324064095964
1575909228530513581,-2.0325922356825030235,-0.0023298061731058406637,5.5236668634845305093,0.052063025282669553317,0.84483179980777411977,-0.037484084185050690896,0.53117192590043971201,0.21730533175468688678,0.14699201562311367542,-0.27600961092825371246
1575909228764214285,-1.95970678098017137,-0.037613826754255695606,5.437398739582293139,0.099769688111820839516,0.85838468851310922858,-0.041149731593003911756,0.5015261064492524401,0.12143436297978851823,0.1683597933073329167,-0.35698625350974272363
1575909228997270906,-1.7977851707194925091,-0.029525616214418751171,5.3857707570337378655,0.068795347096732947789,0.87693783773627742573,-0.038198780500197447585,0.47411821535621323509,0.43593799512629660686,-0.085415961741776263993,-0.36913914643535949978
1575909229197564993,-1.6756522718759125912,-0.0028749312270769915995,5.2802387497605396405,0.040044527060478833647,0.88909010548441480548,-0.025370776751187242015,0.45527084671572881636,0.57433972528910914868,0.0045506436741240413602,-0.3646561958314125107
1575909229397805440,-1.4766329584535331509,-0.038185560901790913113,5.1171081652227607961,0.061487079779206393892,0.8925749585881467274,-0.024577824513188593902,0.44601032820305069881,0.90576417112460194669,-0.10444789665560497149,-0.71330811852657194372
1575909229597919251,-1.3326061764068675153,-0.033541130116427717023,5.0395703166853298427,0.070580983436595981506,0.89540590852025259139,-0.031112591388674101789,0.43851863178344657745,0.94968006623590417448,0.035189973144696351515,-0.4464864523792465012
1575909229798162513,-1.2187405023336097543,-0.049732904209835018805,4.9602558267107319523,0.063699592222791617813,0.89572230221382942439,-0.02887105706888902848,0.43907901490635226072,0.81449189577469793822,-0.056084634970738789228,-0.4319918857225410469
1575909229998171502,-1.0577083510325804294,-0.013243598878500541932,4.8690805963042205207,0.051738853808468474038,0.89625319148316640039,-0.026430364587952163979,0.43972121121293783474,0.93190343962827226765,0.081778440776113681121,-0.49199607234686837387
1575909230199070869,-0.88557476551533587106,0.015126538699519947312,4.7829221585230161651,0.061142714837753117663,0.89529273944661447171,-0.030402949315663615332,0.44021374329904261469,0.99259905330740316742,0.12381354688682419396,-0.48143909829038128434
1575909230431687670,-0.59735648915080263865,-0.030139450484142793485,4.6731418618376538987,0.062781325140513294381,0.89549048033498090948,-0.029768967105171833393,0.43962383174768643324,1.1247913101504836142,-0.032192426155123306242,-0.43416229028585429095
1575909230634083189,-0.55501421104799697481,-0.058583530135376454817,4.6060852652714165956,0.054615830849921609413,0.89613923979349707771,-0.02648458351390085494,0.43960225290482951577,0.82873640730639597241,-0.092163053027059710365,-0.47656255728466073718
1575909230835503781,-0.43653521060658484476,-0.064842582596201486789,4.5192045541476053572,0.060519332000495487667,0.89519227289860481278,-0.027118555493581508048,0.44071849172094612612,0.88077040479359758329,-0.024690102278889961701,-0.42836011094193554571
1575909231037204426,-0.30585077144617633937,-0.10452435140976883143,4.4530316568580436964,0.06469935012933301921,0.8935469835740041944,-0.028050097622495748922,0.44339708418302570259,0.79168657226702243701,-0.102284866619807846,-0.38489195996638886355
1575909231239038285,-0.26278366398673003168,-0.095005313206217689714,4.3673793780252596619,0.055896494339263080864,0.89433450764849653503,-0.025709598723170686702,0.4431482673814667872,0.55261038841595222504,-0.066281714552863038592,-0.48656914106168136502
1575909231440358080,-0.22802038612883795965,-0.067069344208008765951,4.3144842614863758712,0.053946541155576649418,0.89212072531468467051,-0.027706882763612914605,0.44770828762585390681,0.51557228856087988778,0.10706341907085401011,-0.4179586327526436107
1575909231642266600,-0.13953376565167810441,-0.019239335035927014605,4.3144547485728779179,0.05872424178067700562,0.88976369840810787259,-0.03243598881996242328,0.45146420794087521733,0.53553717395644639954,0.23119710740406845817,-0.13957708216878608742
1575909231843572893,-0.02820797763366673927,-0.069375178052222805092,4.2198663042583159921,0.06202531237720366325,0.88740063298548543802,-0.031981554984561698374,0.45568646824570052667,0.58594380673952739524,-0.026413045881344243693,-0.31212400501652887153
1575909232045546086,0.09556397857027898457,-0.065483698769454784516,4.1660734289860297253,0.056633199566328215613,0.88757408750359267913,-0.029199313822576542649,0.45623713129395360166,0.72176264156713387798,0.026353893748401517605,-0.25757991357810278155
1575909232247049489,0.16900289466636525537,-0.060966222074248420382,4.0786483860739339846,0.041156479545506059747,0.89052996621426749879,-0.023264431796592197066,0.45246136816198784247,0.52522007261092906738,-0.03557125740699073474,-0.32629147625301080371
1575909232448408771,0.45614446615028070298,-0.1233142251003492007,3.9678401632195741122,0.06426513419164736618,0.88472898789536835729,-0.026455513328728450656,0.46089555901470830035,1.026207605672032841,-0.19913117823290876762,-0.3685614652169643124
1575909232650269285,0.53208136081649448634,-0.065386049535164039725,3.9163719405594705769,0.068935727866645438167,0.88415038278442481534,-0.031247553873314820594,0.46103097121840480588,0.78237380827056779431,0.061109766761919592781,-0.35260787094209083969
1575909232866465329,0.51428696061220402491,-0.046751633615136033162,3.8432047720596993479,0.056430994251010405116,0.8851327093320753292,-0.031710127535187565551,0.46081460216664688057,0.33254513024353260509,0.11991438665086012749,-0.33753738032474861486
1575909233066793749,0.64025952091992988091,-0.055848193637327209204,3.7760583216495180459,0.047555417131774531392,0.88534937085724252359,-0.02556320945876376996,0.46178078797875066197,0.5203706272455850268,-0.010425973972813501467,-0.44869043687075438331
1575909233266884226,0.79948488418565166747,-0.097912057173798652809,3.6826372858149212242,0.067879741914586011475,0.88113795446749798579,-0.033979946096982516224,0.46672648210455058848,0.67790461262571399814,-0.17164513760964392186,-0.43256457013348781349
1575909233500112922,0.92372195781715815688,-0.077212331346591001058,3.5938338131888416527,0.066443027791736844478,0.88151276423963131901,-0.031930609003906929022,0.46637003200153304139,0.53934975678175922642,-0.023518422937165862907,-0.44697514081050482293
1575909233700151844,1.047384139300741035,-0.10258815762067478861,3.5110376213150260583,0.058536257920169358637,0.8891090951195158576,-0.030410191732531028502,0.45291692805993716275,0.55959642065592773985,-0.16602526999706090916,-0.45045908330185552293
1575909233934050450,1.1597273999662072175,-0.079600273316955516556,3.4129985396988962165,0.066137341813953642866,0.89789065991563710156,-0.030333046972695294763,0.43416370312982022206,0.43688919445579182943,-0.013924050481310706884,-0.47251599387593284929
1575909234166953762,1.2530646048238058832,-0.082982822335236960942,3.285979400766926517,0.053817172666306305195,0.91670600852099171085,-0.027169606247936826243,0.39498812433293367663,0.45365763660546215563,-0.049565662871671557765,-0.50067916947273638506
1575909234367271250,1.2815725661319687934,-0.070752564804596795867,3.1880345493740729346,0.050561041046060094251,0.9297767957006857209,-0.022541710941096804177,0.36393758059968528418,0.21478945285668460397,0.041212656396873624531,-0.55585156703562699221
1575909234567884809,1.3399080936859075752,-0.05364210382137232086,3.140823878608708597,0.060009046721119285728,0.93870895371850604505,-0.02645066059546495249,0.33841509581340217805,0.28421990479627151638,0.066823265833423392546,-0.40279223480765652399
1575909234799837890,1.4682254606835847266,-0.067015009443854633986,2.9673095746999518241,0.060775794556972344285,0.95217304538734970354,-0.02358298112456841053,0.29852409858339329363,0.28889450968371288564,-0.012761960245420003041,-0.52144442133447743704
1575909235001717927,1.5531287633908741341,-0.067099273339854090259,2.8339622544352351952,0.054290618610654289844,0.96126525065424550665,-0.022186936780981571932,0.26931280409921093399,0.30256180157729939406,0.0024750545890509598884,-0.63450846915151182248
1575909235203327156,1.6073798322958314788,-0.073950510230633481612,2.6619988236121594483,0.05138056052192926243,0.97102918618249656202,-0.020990619422077843453,0.23242579779036667831,0.2378492185160260286,-0.03291828232937515919,-0.76069530589564215983
1575909235404006047,1.6390023820417134459,-0.063943655121783418704,2.5457955992605132423,0.058160539985123341222,0.97825287339392141828,-0.018826989876288998532,0.19820245139092906861,0.11303488100467906641,0.018274913485382748152,-0.73939654226870032971
1575909235606354689,1.6614448257940581666,-0.067746865927798508022,2.3867094138411468762,0.062288410394111648483,0.98557491780193495767,-0.019452843644772545295,0.15615320107002647609,-0.002723621196769734909,-0.014972825323667610445,-0.71818081633463215496
1575909235808080686,1.6313250959625755776,-0.015723881780559584298,2.3831375639471725769,0.055142298205008322132,0.99432806907852211431,-0.011345716567941026287,0.090234653580583898402,-0.062625104592308133977,0.26132401710999153543,-0.32781919317620833443
1575909236008891078,1.572544641436818047,-0.054746453505668798978,2.1733706942082524627,0.048420341366679088557,0.99852247738575616864,-0.0045027908393213854008,0.024249898391619891663,-0.26267764778737257014,-0.059667746431110557648,-0.62954898180681673203
1575909236241669287,1.5446250563127494893,-0.036032075129147266013,2.0394135015934971022,0.047146196943615416297,0.99774051905981242516,-0.0014876941529895757778,-0.047842235588622279707,-0.18649273566989058026,-0.015058248189149844865,-0.63653799917138720321
1575909236441771657,1.4991739408040143378,-0.022439781351847265523,1.9437401024897056345,0.047817502024038074926,0.99239460084318820154,0.0045343101606593457994,-0.11333967861626195739,-0.33560179524557109954,0.10230429671263130409,-0.47928418585940713026
1575909236643167208,1.3556454524334984324,-0.028504845631731463157,1.8361226380800521607,0.031790509642971191695,0.9836909112347311801,0.0028741707269762475398,-0.17701212894447956869,-0.75606245203799016252,-0.091712260737066120253,-0.33638270410629655949
1575909236876024835,1.2299995589772272364,0.00073554791367754814024,1.9133590094091328382,0.010973188697945760253,0.97388048824251649549,-0.001960504395730742512,-0.2267874338953369262,-0.69420742301402715846,-0.032853396163806676544,-0.21683251008264245452
1575909237076645019,1.2574079318202275868,0.028918946289020912299,1.8459829764276713959,0.033776178824979734283,0.96921401791229366829,0.0083372661179990960323,-0.24374955839953704739,-0.31787075377072859794,0.022683800350123069917,-0.26112840271618265042
1575909237309457300,1.2131016926455244764,0.08211673212909309516,1.6616584694111968812,0.045893893012729947145,0.96340218912420549913,0.014567194436629718815,-0.26370015058977602784,-0.12745780630229680552,0.19347003284824307312,-0.48275566488324289649
1575909237509554681,1.1132530288227953097,0.0071828855245827799569,1.4687661387056516471,0.027054135356949896712,0.95969968857295839815,0.0090317117203218937049,-0.27957648273139157347,-0.36556326544114448041,-0.2938392904145272766,-0.66513315785792914703
1575909237709806989,1.1225510252600359173,0.012883038648489927858,1.2058925222673022581,0.023409217163650408722,0.95853767796891609088,0.0074224083113847488455,-0.28390568208579936016,-0.11632864363513860384,-0.16635636924160787653,-0.91085182046534440836
1575909237910200709,1.0717732117773706157,0.0073512417586085940235,1.083662223824553017,0.045335404139694931991,0.95792944799562107505,0.015374526480131224179,-0.28298321103875984095,-0.067214786206221399656,-0.11497965935697883333,-0.7690753390968462222
1575909238110297718,1.0326609657849852297,0.094501871238795720487,1.0882626323482957886,0.038772343196481429128,0.95918210838208239899,0.012772811904393012103,-0.27982716744235680562,-0.098239812599980075314,0.22797348075418011337,-0.31507326054814877025
1575909238343653373,0.92066428615062168017,0.10801053148979172791,0.87216973225922145296,0.038277571758085972287,0.9590488247149218104,0.010665633925870578874,-0.28043969684442199286,-0.3218421616100500815,0.021240304228531986519,-0.63786049576926839855
1575909238543853227,0.80840908614921802577,0.15715146982895819572,0.65085832507773411226,0.04125042050118939152,0.95889407957354511058,0.016597403456251040577,-0.28025893949308644526,-0.38453930366998090307,0.19262042242284391214,-0.80163866229160363197
1575909238744411424,0.75264722371648073995,0.10892026258476972256,0.50509722637505038989,0.05463188544152704218,0.94583232003770956187,0.021627216207785848745,-0.31929428899416578691,-0.24602689300155625163,-0.085429525134503386807,-0.62605031301055225068
1575909238976888253,0.67660246840958759851,-0.02724774524731468639,0.44081501015662777343,0.02542626637484488375,0.92228234342117720868,0.016240134964335486284,-0.38533756890305653764,-0.367578681308442623,-0.47160864371560073938,-0.52860831371940608658
1575909239177617182,0.56188371035432638223,0.0057355193131991902278,0.4666025811259290057,0.011300449131547044695,0.89970213136411913979,0.018663110251449822885,-0.43595878587778169599,-0.7154219934380824375,-0.26157805933252126218,-0.20489015812550451234
1575909239379102586,0.42247647654755804414,-0.013429464628639337098,0.46302066477226577756,0.024497714628698291639,0.88366766421644837859,0.024552549210034305821,-0.4668281198937212495,-0.80722225902441313572,-0.26892806115463041561,-0.2385976255538233004
1575909239580766976,0.29076765579436314457,0.068213713183824506436,0.46945533941242706399,0.046654373057559789251,0.88645007604532266576,0.03227385323520939181,-0.45933433417413982447,-0.53874517729512305664,0.029033667299436252685,-0.057128391044374199348
1575909239782676856,0.21801728877936629725,0.12519886829346266177,0.32789989512163103536,0.037215208841383642935,0.88640095163901055919,0.028779721011262648228,-0.46052156173502112324,-0.36080496179976462301,0.095067338995692418635,-0.2626509067454155244
1575909239982831837,0.064466157404847457268,0.059831148252933896714,0.14112241048984366931,0.037405616404658802165,0.88454006225436154764,0.027218148733007461321,-0.46416470191946529456,-0.51263311137302192133,-0.36307064722604598384,-0.51379010770769062422
1575909240183211329,-0.081895186820816867623,0.21175335414095108888,-0.034466542471774677669,0.046309409208641627576,0.88352179798858132553,0.029774996202964736786,-0.46514311851180251134,-0.45081148044833385669,0.30331075978796678827,-0.54287069607306204233
1575909240383845714,-0.12796304912605624415,0.3051062026006772232,-0.07699672525855366656,0.040753098302326422331,0.88491007065496141148,0.026015919393210417548,-0.46324564085409192238,-0.32239266668056348886,0.56310432613476968378,-0.37511676012634942445
1575909240585056304,-0.20217824313128573976,0.21932804404055755709,-0.11043430977450881258,0.042090331632425544151,0.88566632956700896973,0.021965750178079997829,-0.46188858231557217149,-0.45966755519922003481,-0.053850642414334848329,-0.53078680153821045096
1575909240787143665,-0.32458054540840730606,0.11305032468932083023,-0.25539267800063913949,0.053694698855313333086,0.88795727896701537318,0.030628816365867807953,-0.45575281200707640217,-0.51703924103439047322,-0.340225674373003939,-0.67108126753299623957
1575909241004700293,-0.48806480594919454674,0.17976109295384296027,-0.32459523008102386665,0.04485676511255013571,0.88846037002895483781,0.031338265791964976803,-0.45567966227252532097,-0.61878221950868006473,0.19002139531813544426,-0.36588504537613381062
1575909241237474126,-0.66363341912062767669,0.16543789167413500141,-0.45750480325747189259,0.063560585758365983899,0.89813574739279222747,0.041743958228704851343,-0.43309314603748277905,-0.6896398168272578344,-0.028771459741670613042,-0.58326159536848443121
1575909241437904690,-0.70922856123473465573,0.18807779513364716872,-0.58024702893119495251,0.037243937402794496938,0.9090830338207683825,0.019284028845376666172,-0.41449855606196689406,-0.38277221851867981872,0.022827218753274633456,-0.66037521909487006955
1575909241671191127,-0.81568328839224812921,0.22907732790255730393,-0.65274910270667563239,0.043091579558222986579,0.90678387472052990326,0.025279914242737636099,-0.41862518588097380468,-0.50211882630171289499,0.090336407210375169186,-0.59107728829779992985
1575909241871270605,-0.87594742299081995718,0.23445431274356709483,-0.72996959267662731019,0.05628816123911898478,0.90439372361202030604,0.032869281273937192567,-0.42169093652109579384,-0.40720191038781872184,0.11110896143834272931,-0.55346464751776547342
1575909242071409142,-0.9897698838012268796,0.15959237132196799069,-0.84618880358231551853,0.054111104017622008167,0.90512925072288930028,0.031065573399479337602,-0.42053294526966294997,-0.37478257308772128242,-0.15314974736517114606,-0.47779826321308654924
