#timestamp,x,y,z,qw,qx,qy,qz,vx,vy,vz,bgx,bgy,bgz,bax,bay,baz
1575909195412124263,0.0051412448000246547056,-0.0030633724734156451974,-0.011560355416885801511,0.079505796595420674677,0.9840270905435879456,-0.00015935870794101428369,-0.15927802104763463809,0.050977281232267392108,-0.029091793226343830303,-0.11964758368876425576,-0.0070592164993286132812,3.6203120544087141752e-05,-0.003526346525177359581,-0.0019220821938148169306,-0.074655618496596076739,-0.011876209691475958508
1575909195612406509,0.024070876148386943089,-0.0058571886274151867963,0.017320090399414851678,0.035543057065090540025,0.98686238571870843472,0.0061787500353963640057,-0.15748379534430423377,0.13032917256951206952,-0.025369637398859709587,0.09490816669244903081,-0.0092177719500957135124,-0.0081221663727016665119,-0.0056912691376843939361,-0.086916890616198630437,-0.061727487890082595456,0.025077864620238685123
1575909195845789840,0.0092627025365595652695,-0.00027320622958120627244,-0.0062327113343169579518,0.05046978672087565343,0.98127976369920932864,0.008207954321947166787,-0.18567567279700789018,-2.6993346104370319338e-05,5.9172453356785836842e-05,-3.7765900699593402123e-05,-0.004459021897052171772,-0.0030935664033550705487,-0.002297006639593597143,0.34797236018873228813,-0.014828070659216395499,0.010787739248908731482
1575909196078844271,0.0043027877238323609943,-0.0025610408346471401353,-0.0014346167176932014126,0.048233070969188933386,0.97262909384889784103,0.011937773887498519601,-0.22698833938809220845,1.9222182722787584108e-05,-2.7924368189991000122e-07,2.3459055916136284381e-05,-0.0042640504456796469654,-0.0020388742713587319072,-0.002179468875809385895,0.20514782808581200069,0.026300421630583603605,-0.084827371058602427101
1575909196279335950,0.0048823744627528586904,-0.0023904517363810637992,-0.0010084794817654244882,0.047781519129922726818,0.96872777106957230764,0.012615563363666761412,-0.24315484685531565945,3.0687147855776829297e-06,-1.9839354366777008738e-06,-1.679393262647146598e-06,-0.0040199756306149615759,-0.0016482620543909693236,-0.0021938309848083198741,0.1964971211130253359,0.025680318758001859786,-0.082768685941664935091
1575909196479512651,0.0049869857136601945108,-0.002337011150796940856,-0.0010633891470604788995,0.047737117424256916842,0.96772472329639602773,0.012594757710021683636,-0.24712628273650283361,-6.8197321721756749835e-06,-2.5028879304667128736e-06,-1.6833899149021141171e-06,-0.0038488741292888126871,-0.0013758460632528907858,-0.0021042338984574946587,0.19594279816291629293,0.02865762126470789567,-0.082035344590634773354
1575909196679513219,0.0049788218764719371565,-0.002303252426940817759,-0.0010485084558985685414,0.047740010668881192879,0.96771338471333578912,0.012581626708774535858,-0.2471707893286645974,1.642605082728871603e-06,-2.8221031871717734826e-06,-1.6096008488275786313e-06,-0.0038136425130405608892,-0.0013302732064480939523,-0.0022170692614131405976,0.20169450016720080754,0.027980799802658402192,-0.081378098922396932546
1575909196879529982,0.0049984070088643492089,-0.0022852889323116088935,-0.0010013909387376689845,0.047738437104798907284,0.96771204807712285501,0.012568600101100401573,-0.24717698905980217683,-2.0014463666301373149e-06,-7.6297552267735792991e-07,-4.5694121344500379265e-06,-0.0038456705847077264984,-0.0012275613473150483092,-0.0022765429022188650443,0.20004192620620628307,0.023029030088955626532,-0.080248226476398981655
1575909197112978883,0.0049841199685061827671,-0.0023193019575507276865,-0.0010079622613486975084,0.047735021611619812831,0.96770814079542688546,0.012560535084876070858,-0.24719335530790004229,2.140719126759798533e-06,3.1058735937470292876e-06,2.7561019070074894641e-07,-0.0039026233188218292097,-0.001138438663501594025,-0.0023091070529020702243,0.20292655826974587141,0.026680833009451843107,-0.08021011949011480624
1575909197346485932,0.0049962010604797831015,-0.0023257475694053795882,-0.0010451838212284351743,0.047727719914824030811,0.9677228947167124673,0.012577203395195281355,-0.24713615224728752162,-1.8222757524813523386e-06,7.1622835191766792695e-07,3.4044765888042115808e-06,-0.0040022361861050967727,-0.0011590749713578220401,-0.0021246799207556882512,0.1988250999303294575,0.022138624053085243643,-0.079639241838268690077
1575909197579709159,0.010501395538700665847,0.0026996975818679765785,0.011229892622052369683,0.047439653101409948177,0.968451332487712091,0.012415047777185751754,-0.24433043712375021594,0.056065428486175704348,0.04994353223361894939,0.085563077885048077764,-0.0033217192757465565517,-0.00081953646759764988555,-0.0022308770790658715051,0.1590242011881497497,0.20526480305619690392,0.39204471651952826905
1575909197780186659,0.0054849911426272830728,-0.0026354484928023183543,0.0099174326256571722349,0.045005857094463280754,0.96899100386785319561,0.012254326931515102314,-0.2426535363884448071,-7.4800781927814030681e-05,-4.1425378211806807016e-05,-0.00011660936824745005147,-0.0036034365580100407439,-0.00080000509804645236756,-0.0023628765403048155105,0.1876356077258538313,0.026493032617623812897,-0.23630056853365816183
1575909198013177629,0.0053884701356981057688,-0.0026457313624132466727,0.0094749419144897466943,0.045357401179868986341,0.96824234661992869544,0.012545061151977609029,-0.24554446809251351258,-7.6013841342099930376e-06,7.4448317748370546054e-07,-7.1879463315119296318e-06,-0.0037426497247501364432,-0.00071179913492989022473,-0.0023617838837826886367,0.18676613855836407541,0.031668887310215824982,-0.12154581759128961493
1575909198213583621,0.0053468131458822322488,-0.0026476868659260741241,0.0094977475007749587871,0.04534774134891560865,0.96808499507591427857,0.012632805777528659935,-0.24616140412665438175,1.8119139615291801268e-06,-9.971421951267440964e-09,-6.0544300044479762435e-07,-0.0037170097173449810103,-0.00074912906851359222296,-0.0022541678055434566548,0.18066043107988921657,0.036164030278594321011,-0.12488864434156567162
1575909198413766420,0.0053550369828716101392,-0.0026588227050810355791,0.0094561578372536706644,0.045345131178841840969,0.96806588167780749377,0.012639406177584985511,-0.24623670161294122782,9.6919177842210574303e-07,2.4874748745784807519e-06,2.879763773177201544e-06,-0.0037241082315306347876,-0.00074761871892641375888,-0.0022653642871759117026,0.19194939141094652379,0.027794601163931210996,-0.12512454146453963477
1575909198613951755,0.0053371188886784347305,-0.002614104695142626094,0.0094449812396241918794,0.045344235651466627268,0.96805880945629152468,0.012646308033407894708,-0.24626431454917627195,6.2755588087388958218e-07,-4.6291570689294494513e-06,1.3442491083264884559e-06,-0.0037301952493633597739,-0.00071055438729838982497,-0.0022304324512955240288,0.18435572875490846556,0.029921644046707728676,-0.12376941212598943642
1575909198814056526,0.0053319862089132559826,-0.0026055559622209481692,0.0094379974918877649476,0.045345498520116052366,0.96805382099114700711,0.01264368840901950071,-0.24628382523384995118,2.7391645034406837678e-06,-9.9218417484698380113e-07,-8.93650843623644206e-08,-0.003715375792457112445,-0.00063308683227829797274,-0.0022592627717733728028,0.19480251713756649434,0.031667293086332051755,-0.1258089305165168148
1575909199014091372,0.0053464641283956773274,-0.0026383973539038292101,0.0093994941153293307123,0.04534416583252728894,0.96805480721165237945,0.01264573540418281565,-0.24628008899513120777,-1.3087839491172600405e-06,3.7289020023186913305e-06,4.544046211397327964e-06,-0.0037324206574193929779,-0.00054822692148823127991,-0.0022215462948308633065,0.19012095030685535746,0.028671317466658557266,-0.13114165914198666618
1575909199214168873,0.0051462413173883067921,-0.0029281883568105528635,0.0095156606444698563912,0.045056352945543783062,0.96575682263374817982,0.012968481744361610997,-0.25517739530934047121,1.2762110810290994145e-06,2.7523368330395047571e-06,-2.8815888828158386925e-05,-0.0076244077825449573654,-0.00050773257682320280595,-0.0074822670615837050603,0.13311246722078323712,0.016795676831176567512,-0.02236566010742892241
1575909199447650837,0.0044672054851160984679,-0.0019257605411155483046,0.0058741156969096932142,0.045793764943395626199,0.96339027201997518013,0.013972800700361137638,-0.26379324424665390181,2.9815444205896768359e-05,3.5213525888158191818e-07,6.9343321264202228971e-06,-0.0046610402769221761371,-0.00036437673715005656746,-0.0057675646067853938298,0.18956021608747811169,0.02514258284315108033,-0.1009197957546808383
1575909199680284796,0.0045701995063804276564,0.0051386971544592988798,0.001613055282319135475,0.050661495050013459485,0.96201980158087418982,0.014565455426180812584,-0.26784167299697897446,0.0075645866078644583008,0.064916730789988955075,-0.02059728045914060654,-0.0075495913986123753397,-0.0025396266826468224392,-0.0059170045368075975187,0.11873494868202766339,0.32775484316273789664,-0.18397524610784088406
1575909199881074882,0.0048771552956067224655,0.0041733528708030390164,0.0011363658417473665452,0.049052774452416431084,0.96565103035017596511,0.012722985810121597433,-0.25485297434842535402,-1.2844838852058698686e-05,-0.00020756608628123840443,9.272206087497514293e-05,-0.013365498761421916799,-0.0033863841006070921971,-0.0055149738297130572115,0.27685691919356630875,-0.14507780586625473873,-0.011707918251701671108
1575909200081202813,0.0033964545580187207804,0.0030245211247776158242,-0.0010407455778260769549,0.049062748016075442836,0.96338072687309472819,0.014123599586807866757,-0.26323173399362381764,9.8577854207289403871e-06,-2.2349829754516464808e-05,2.8029354419267099585e-05,-0.010983282575839591749,0.00026518376540795186164,-0.0051454469385759978722,0.19584198828352050725,0.021597508907980844661,-0.056409896029820154328
1575909200281354973,0.0032559404992044032115,0.0028486703687683832126,-0.0012752120472419670259,0.049182968180471089981,0.96243234842700686738,0.014277204188709322411,-0.26664802977481155688,-5.0537319295016879667e-06,-1.6782293425175991847e-06,-6.3869079014627124641e-06,-0.010312299013790340863,0.00023696790858879055895,-0.0049140231990894931574,0.20286568276324287718,0.023490208333242543204,-0.043190676936699076705
1575909200514186650,0.0032957290111080674369,0.0029305023152238485196,-0.0012793026354680483644,0.049221496860597457879,0.9624468865068004364,0.014320647174688309541,-0.26658610984945552147,-6.2843971701413486527e-06,-2.3253559953366866389e-06,1.2343091137861309653e-06,-0.0096598358701959225608,0.00015655405230796957993,-0.0046266098455431748163,0.19953710156369891537,0.01928504037062658133,-0.041543931417118339089
1575909200714882622,0.0033058978113296995198,0.0029567944666175397482,-0.0012876381043019169501,0.049244480292997494519,0.96244836638193986822,0.014354693644863665905,-0.26657469118385840323,-1.7936829594564999285e-06,-1.5353714992102918124e-09,1.4785556245421049848e-06,-0.0091810339652143788114,0.00011419984981846076876,-0.0044111715380249711185,0.19788470347335399002,0.02674265559571140094,-0.041722562983569251582
1575909200914966114,0.0033344807080883951192,0.0029981001135983348024,-0.001292461664827517431,0.049265597979845345,0.96244995332968652502,0.014375606169538647852,-0.26656393255395693931,-4.2534904021759682713e-06,-5.4018767139734844007e-08,2.4076416165770943636e-07,-0.0087498070446528561361,8.9496680028093770587e-05,-0.0042848169948409850841,0.1938102465437148425,0.020283884539103014255,-0.037182477181709375214
1575909201115904346,0.0033460939110664519522,0.0030108589476117819488,-0.001242464825681524436,0.049282487296468210913,0.96247689455932594615,0.01439256103272358589,-0.26646260163900825635,-8.2196447211916462416e-07,1.0668749623341184166e-06,-4.518058784463204608e-06,-0.0083485456873433564612,1.2938791860772893227e-05,-0.0040708473962366154009,0.19861770327567593308,0.022660869095358238817,-0.038636053644364426463
1575909201348711986,0.0033752835800988189967,0.0030204521930895589579,-0.0011538278602432180866,0.049302328136444313611,0.96254041155427227938,0.014388891871437135134,-0.26622959331368500902,-3.469957146390442379e-06,2.4098962286775178071e-06,-9.2235449262202933579e-06,-0.0079242323630778870036,-6.4325390408361582156e-05,-0.003898493986173375437,0.19762569636576857168,0.019004979894910435656,-0.041693744947783661914
1575909201548870168,0.0033790558944270538549,0.0030365289736708411458,-0.0011533067444859565996,0.04931342389134815013,0.96254883489401688035,0.014403445767864396163,-0.26619629489963730906,-9.1317652970216139224e-07,-7.8341740570274376321e-07,-7.4105515049773321157e-07,-0.0076032071863887350227,-4.8276864560525177767e-05,-0.003734770218523175353,0.19790844747731886621,0.025233078129923230959,-0.03436705895788999543
1575909201749135788,0.0033536401225110531316,0.003081722966306445731,-0.0011257785937745514674,0.049323233179771878987,0.96256136485776355727,0.014414385468325819142,-0.26614857325077512229,2.4714170106178608155e-06,-1.9519732022334635585e-06,-2.6048322661391615576e-06,-0.0072951219463557367279,-8.125957755443217914e-05,-0.0035768307265864407798,0.1996052627889918496,0.019909033137098346156,-0.034810191698806787486
1575909201949311693,0.0033395415901162853883,0.0031235479445525359682,-0.0011241169506634154842,0.049331618323157251649,0.96257423508346495744,0.014419618002986163766,-0.26610018414827935063,1.064480044497427471e-06,-3.2079022961746506658e-06,1.1411933267635281097e-06,-0.0070434661288336069401,-0.00011043763439694015849,-0.0034700055470029468087,0.19497939293681146311,0.02205807642654291148,-0.039871343832632223647
1575909202181694517,0.0035767827134398325235,0.0030719037502226847168,-0.00096632203587324765927,0.049499287698806959668,0.96225526753734069718,0.014459095755132532826,-0.26721817895475374893,0.001099728634777548137,0.00062599072759729707058,0.00072734500286375882751,-0.0066422980657126987764,0.00020179127958326592823,-0.0034184224402030042103,0.2004140981096755314,0.025631026023320034601,-0.028485969831808122255
1575909202382763003,0.0036785642537025668199,0.0031526580229570781017,-0.00090523895088117116089,0.0495091235568984947,0.96224779066077426037,0.014479308000284176958,-0.26724218546651395956,-9.6814145505112053636e-06,-6.9380908884527497937e-06,-4.8969397285487763216e-06,-0.0064375684996678438424,0.00013397220295072870266,-0.0033011548543608864453,0.19992861295883124217,0.024963474063061038416,-0.041316111810723567255
1575909202582807404,0.0036604048922420700726,0.0031507428596343630377,-0.00093541154052458074832,0.049520346775070979428,0.96224349816115084533,0.0144914836389804947,-0.26725490155244768786,4.5083917916879240328e-07,1.6630386487996020803e-06,1.1909827079996989502e-06,-0.0062361945876050692283,6.3702026028794212918e-05,-0.0032313850869206055087,0.20049166746211191659,0.020283647243401318333,-0.029419216477935106191
1575909202782987683,0.0036662914262011749543,0.0031555578750805872261,-0.00091735007842873935065,0.049528478086567011285,0.96226718404969469045,0.014495608475525809805,-0.2671678754910909448,8.1838532170518465958e-07,4.5364519954338639648e-07,-8.620300983154614155e-07,-0.006049333248368761809,2.151773866113487326e-05,-0.003119358564374216658,0.20583637923973702177,0.020798125732828666445,-0.03615360780782290312
1575909202983237366,0.0036879712326241985074,0.0031304211918251416934,-0.00092717396258662292639,0.049533657869467208335,0.96226519568151691608,0.014507239514958594762,-0.26717344538658255315,-2.9654328548303307035e-06,2.8029502909629900459e-06,1.2653100094321559702e-06,-0.0058941700036733817025,-4.0953556959921303966e-05,-0.0030283335576998479145,0.2027663155133548889,0.022255214101341288385,-0.033942794634591898217
1575909203183326823,0.0037261875359931870624,0.0031407197740275388277,-0.00091139769582710729312,0.049539117322686995748,0.96225457895601562708,0.014521938575543050579,-0.26720986964009707521,-3.7952842653907539749e-06,1.9638735798601508753e-08,-4.3763240524150558153e-07,-0.0057245174116592441663,-9.3443421486300728778e-05,-0.0029365385553056593503,0.20096705128781283678,0.020881933792241777481,-0.038350913948466444636
1575909203383599815,0.0037922506096269232093,0.0031555115363445284185,-0.00087284815246336600394,0.049547761573766418985,0.96225564950373998485,0.014523444387228192157,-0.2672043298382249521,-7.5513831464539722671e-06,-7.764271100507027273e-07,-4.9018562693506437938e-06,-0.0055381898709730894431,-0.00011854388856273573956,-0.0029320120489109416026,0.19922236039831311971,0.019901118839081844564,-0.028551521179938678385
1575909203583724886,0.0037990863597678241684,0.0031756753576301288353,-0.00087103339349143041846,0.049551661663436580296,0.96225099431787841642,0.014531481900149181494,-0.26721993337779187394,-1.0053746968733767806e-06,-6.755324255570960279e-07,1.1603801917032564861e-06,-0.0054060335771801814458,-0.0001978604656965855216,-0.0028694342948334793791,0.19570662711287889479,0.015728899269850112053,-0.034057029898321891648
1575909203816940736,0.0037909120244721010093,0.0031273964914165322017,-0.00086395774701018715567,0.049554932893078225409,0.9622474257431377076,0.014541876883383866512,-0.26723161132877781831,2.3553185546794884464e-06,5.1774411557418010404e-06,-1.2477171189643728247e-06,-0.0052473309165381948685,-0.00020580175232477038302,-0.0027700778127756529,0.20666730942779368285,0.020972551514346012697,-0.035232802565876658596
1575909204017545790,0.0037953874212754978856,0.0030828750234740353274,-0.00084896113484006995552,0.049557607948494702965,0.96225729964060047195,0.014542310952570910304,-0.26719553509548232828,-1.1133037050335215304e-06,4.0645642140297926978e-06,-8.7655351445206988736e-07,-0.0051535630647597183152,-0.00021477428666698123697,-0.0027087509627318280721,0.20078635696800806176,0.02405728370809583419,-0.035305046367819614694
1575909204250237772,0.0038030417215457867214,0.0030612724630365182807,-0.00083580858323767989043,0.049560775084334082741,0.96226953307752194355,0.014539750157202107825,-0.26715102647973032468,-1.1567461552015770136e-06,3.2125542706637044005e-06,-2.4416595878617042975e-06,-0.0050711518489049015393,-0.00027571903834688990705,-0.0026746948703681200539,0.20330355923493201309,0.019707278074860987149,-0.028318721563374428529
1575909204450346552,0.003826130235260618781,0.0030645990051176700587,-0.00081682716638962875062,0.049562326257852326594,0.96226766033306931902,0.014540157284256388995,-0.26715746203162588079,-2.3677151399051387434e-06,-8.9324034895739076734e-07,-4.8572421221921256718e-07,-0.0050249928534807962802,-0.00028289902328980132433,-0.0026861709275411674476,0.19798660641743870414,0.025058097161028684841,-0.035403834831996494614
1575909204684163479,0.0038449508965385835804,0.0031282854891052109397,-0.00088527215202540375776,0.04956353174733712369,0.96222822768569660212,0.014561671182463525182,-0.26729805816344287539,-1.8668358291588135062e-06,-6.3050121947441986614e-06,7.7343680797586932853e-06,-0.0049346928580014876378,-0.00029736643258704769733,-0.0026104328042269625727,0.20204702720852776854,0.020913863502787455317,-0.0381929470935044868
1575909204884608179,0.0038015499609455869791,0.0031162629213634602046,-0.00088932549048366664902,0.049565445157675032395,0.96221909424213281081,0.014567184442384095017,-0.26733027972826461927,3.7981543024965679252e-06,1.3737888453780422004e-06,-1.4767454589400576259e-07,-0.0048402403258298379307,-0.00032191890162756192119,-0.002585634930988044318,0.20210783778199625793,0.020337167855599750516,-0.033548421101374938103
1575909205084979614,0.0035723595530336525045,0.0030673632089456763332,-0.0010303541931183447019,0.049340086843905603398,0.96227936323172602595,0.014611997895086319132,-0.26715252655757065758,-0.00086297379993353711368,-0.0006647914590262944852,0.00025856746968397505528,-0.0048904233565422632404,-0.00067939184460001200011,-0.0025230581095549409719,0.20427321311894794387,0.020634379135809812617,-0.037908396732961119335
1575909205316834937,0.0035108211245094222107,0.0030290310904325847691,-0.00095636976246923563472,0.049344295817035324636,0.96228593668079986934,0.014614003070789241198,-0.267127960818262844,6.2446305714707744938e-06,4.3427989015197608971e-06,-7.7891724952981180805e-06,-0.0048012348257755032427,-0.00067137167587974814435,-0.0024835508541257919624,0.19662106028740619634,0.022728265540016771851,-0.036638813244957310622
1575909205517838808,0.0034948867174822055917,0.0029710379950184484348,-0.00093614136906562911249,0.049346973457551589204,0.96228852519261776077,0.014615048862451632955,-0.26711808407508558227,2.9063107967149722638e-06,5.4787006712605449549e-06,-2.1277811498688477493e-06,-0.0047307837585272138198,-0.00061388041996907115414,-0.0024647184092602327649,0.2037109366726979065,0.02552900215769121281,-0.040001858171118169494
1575909205718622655,0.0034288914656072774431,0.0029469188811220487813,-0.00094772719583000205028,0.049348056913514154465,0.96227978634506916578,0.014619923043016609318,-0.26714909679945553211,5.3574692850969982127e-06,3.2860206039641952358e-06,8.6745148704901742231e-07,-0.0046949526935836944502,-0.00063073185450422534267,-0.002455493204312155734,0.19935652077573565166,0.020000939048049049679,-0.035914186101525094608
1575909205951394453,0.0034521155815925236646,0.0029377580583746735338,-0.0010352489965670219445,0.049352591857398445119,0.9622993494916870505,0.01461855752771159915,-0.26707785647754866964,-2.4307731559895231696e-06,1.116871522468837908e-06,9.6955957788457400662e-06,-0.0045830029040808874935,-0.00065353643714281817179,-0.0023752649926444650841,0.20040206526728698844,0.021207367014243538178,-0.034165081311992390178
1575909206184894048,0.003410890759707953853,0.0028845530880868787069,-0.0010708918341861134449,0.049356610170476836186,0.96231041336188494206,0.014614817868933545342,-0.26703745143034857135,5.3759979399064464906e-06,6.9763295427387010672e-06,5.0840385789714323539e-06,-0.0044776762894713634244,-0.00061244557021992410313,-0.0023723313093106453316,0.1991830718933427502,0.017210042392382607357,-0.043091766541762999143
1575909206385177328,0.0034022085603853187592,0.0028089833993402177174,-0.0010640784004791441902,0.049356626387198364314,0.96231648481613851764,0.014613282281379010377,-0.26701565209505973009,3.3399260920287908438e-07,6.2446237623411254836e-06,-8.6903193408907532941e-07,-0.0044409990348532116244,-0.00066893946572817489758,-0.0023625210808209252782,0.19707678755808433202,0.026259559712554943894,-0.038397358196931706542
1575909206618501095,0.0033503158443289678299,0.0027661787164442895245,-0.0010407414096171587435,0.04935874892008038084,0.96232032565476910424,0.014613122990633173673,-0.26700142578871055576,6.4279514188643038092e-06,5.8127971859737049415e-06,-2.5603912469304181392e-06,-0.0043687071196468795289,-0.0006908678757312884406,-0.0023463534265797669764,0.20068848632739369475,0.020318543867172356165,-0.041179739852193877891
1575909206851992759,0.003394613500525638615,0.0030184917018206639666,-0.0011524567519436022724,0.049316270574361886769,0.96228769428448157619,0.014632658305232278464,-0.26712578347328225226,0.00025097799600503809501,-0.00012238081536929926348,0.00079886994745723334012,-0.0043141874676931929108,-0.00064311141442626796379,-0.0023521452696202288513,0.20612514440637333402,0.020205881215239692578,-0.037134247606096577876
1575909207085491630,0.0034065457789411355237,0.0030760508488283278168,-0.00097793593075634448197,0.049489175061761751795,0.96244796438890256596,0.01461833201670338124,-0.26651649435712965186,0.00012969162763970862708,0.00057594450677544788662,-0.00052832903946943912676,-0.0040841386138833601221,-0.00060621515476884098132,-0.0023141169447473720899,0.19644179175975226559,0.021956120915020117812,-0.043923127672298223345
1575909207285637216,0.0034204848880879700282,0.0031072383409829467532,-0.0010532354208338627882,0.049490538735661081249,0.96243525251460193548,0.014628670588555008417,-0.26656157504340377562,-1.732062220501974243e-06,-1.8610549683260348142e-06,6.1420450310468131805e-06,-0.0040537952889125386524,-0.00063630139363308817983,-0.0022708528833106336915,0.19877360927746348662,0.014062941860244296613,-0.036860293791794812579
1575909207485728432,0.0033573863707526399244,0.0031056325402988227066,-0.0011148181613984283183,0.049491196012517904568,0.96241702001427575919,0.014636643249458789959,-0.26662683619335841856,6.6011400598878005805e-06,-1.688380213563447918e-07,5.8540777631028978857e-06,-0.0040389178980855490117,-0.00061708624456532185868,-0.0022709737985457888708,0.20202804795345855049,0.016336089305304318103,-0.038044499507974151309
1575909207686056401,0.0033754903755055434139,0.0031156182684860108875,-0.0010737343550889257276,0.049491092678167612762,0.96242177270024387159,0.014634408710748527532,-0.2666098221366348664,-1.7265875928164343099e-06,-1.8748343523233585578e-06,-3.422810382981093108e-06,-0.0040573084456838222345,-0.00063543516960745877794,-0.0022708090250905632428,0.20042746237644096241,0.021843463189402091695,-0.040273154514920667113
1575909207919406187,0.0080634112338543156157,0.0067767147233020481184,0.0066904065964531224397,0.049825851350727402844,0.96181669122547108763,0.014936089883961497365,-0.26870606661599660825,0.040380658950224010417,0.032433870720721159897,0.066393537500330154777,-0.0037627664234840345857,-0.0005914838527877711331,-0.0022715092858901575826,0.20006104366964819197,0.129508465294529862,0.33747755873066975774
1575909208151952176,0.0050128276653404711671,0.0029547755287762118154,0.0021856653734611194984,0.049066069582083732259,0.96196124783738856667,0.01479868081813662771,-0.26833575520407920711,-6.8903255298943810736e-05,4.0844787440874608109e-06,-0.00011619603587381677201,-0.0037988071522298146564,-0.00054418880182535180317,-0.0022859225308032968434,0.19101336866412060855,0.036241405341573176835,-0.10132276206713092259
1575909208351969059,0.0045104557406888253976,0.003920734156103652078,0.001132537326988555023,0.048796732633753517328,0.96094982305404730294,0.014904098360486332797,-0.27197827911200272988,0.0064448036018550439175,0.0021716999052604291434,-0.0011897313642988648075,-0.0036394206006248046477,-0.00062652531531350919881,-0.0022267631753028127237,0.2073293485420429072,-0.0069686159660426114093,0.03210775685973640825
1575909208553252955,0.0049106710657402206921,0.0062623054601822526755,-3.4658640829737710071e-05,0.038266990615357404648,0.96512677586248218908,0.011640453926217360012,-0.25870918765077893786,0.011638512693487944316,0.062061620779938403425,0.0057999716748551952833,-0.0046517714903819926825,-0.00077756296006289103706,-0.002182241055282026481,0.28943315700829097548,0.022465197265633757295,0.036356306849349387389
1575909208786252259,0.00019659774849566363092,0.023622992474215960546,-0.0017577253212886106461,0.0094548132311173607722,0.96204075072981565242,0.0096309537545588019825,-0.2725719082586375297,-0.092733314066939354081,0.11164858868122443103,-0.02979632849370725256,-0.0051859819556549623804,-0.00077242091436696854161,-0.002207363812699143172,0.091098022132775513526,0.1837479339158354652,0.0082608448685403887413
1575909208986409861,-0.021609749558832352934,0.052995589350519303751,-0.06208167010854373502,0.054434853546624521747,0.96439206308653824262,0.025241244870527021482,-0.25758042420268373318,-0.31851296247717564292,0.18629793540926303796,-0.44660165219341035892,-0.0056926755812197245982,-0.00066052883475779995432,-0.0022482163739411730949,0.1612698866866778824,0.60748387052950425513,-0.10280203268405524453
1575909209186537291,-0.062222175962820563955,0.032438267479025020834,-0.14974213256018878426,0.043885125005355254957,0.96201274508772793848,0.011532773739949632452,-0.26920729786152192142,-0.15756985632270276154,-0.021899800996095730721,-0.55500555962165987189,-0.0038732810236130838302,-0.00037019837743748986759,-0.0024181369981923018023,0.15661874891251098552,-0.30844156753325924214,-0.43544037383546352338
1575909209386806526,-0.093566554678589083927,0.022348607370371226244,-0.21082856691713908193,0.041209978330125067447,0.9623330070085396315,0.016449375863201606135,-0.26822814792941512829,-0.23737601543750577737,0.1782632581694179319,-0.40710414502555281047,-0.0041519289236452610117,-2.9479167234150037598e-05,-0.0024298216541371892713,0.40466749889626174586,0.2429255926240436736,-0.17109036162524460245
1575909209620379722,-0.14757310957562053133,0.025641193225212705747,-0.29395718694590283748,0.023376846360620949505,0.96229300394072558866,0.0092731656242442013494,-0.27084996957775814286,-0.37440696913289828185,-0.033214907306862453962,-0.47914453539320506215,-0.004011851131959246787,-0.00012172476381711253425,-0.0026614733649223758748,0.31660645409080589996,0.15663539628829564743,-0.034559013971101532059
1575909209820607778,-0.20236657406608718479,0.020555456943815511583,-0.38447221821185767476,0.036306316954228118332,0.96166282876775344146,0.017937597992136435077,-0.27122812850789396188,-0.30605765207666291161,-0.049551628216410584238,-0.56292265671421815032,-0.0041947597902961715477,-9.2811834730615198398e-05,-0.0027551399384192843192,0.093638574081202047283,-0.10829821424228608384,0.12947387463509152372
1575909210053864635,-0.26411244467805938818,-0.002000327744715889311,-0.49645986675480480166,0.045784454625628516478,0.96229836105777855071,0.018036200555068826468,-0.26750765127316455949,-0.2118349374801951901,-0.10820393389235019588,-0.42061326307714369532,-0.003734020521553968637,-0.00022894707335789898093,-0.0025335231659312455049,0.076525256700784832775,-0.42617008716102106058,0.015063480527009787124
1575909210287316358,-0.29378067310231298359,0.0037808866484797046259,-0.52654474819314056599,0.043243915787139028395,0.95499643015322388528,0.020868374774573619085,-0.29270512991107949796,-0.13566286994976367586,-0.033055525055501466802,-0.12140406476377268996,-0.0041908920870574895706,0.00018314612138454263324,-0.0027543411056409616844,0.19255166348833713252,-0.01672020815158925533,0.51481920013102655531
1575909210487826844,-0.3437372893987410416,0.011739679910387389866,-0.57229856734760020665,0.033358524807178518978,0.94371733010710423528,0.014013922848937933677,-0.32876803318539399301,-0.2338621702859820517,-0.041864090113755240974,-0.072287085698400338485,-0.0038503431962030065273,0.00075655393559006655236,-0.0025434946404259491277,0.1737132837629037363,0.083659604238187718073,0.26041765601489647031
1575909210720621961,-0.4583828268324743882,0.025233939543971826286,-0.63422650506467548315,0.029464267988633822959,0.91533377446001451538,0.0333694582867112427,-0.40022795691746665403,-0.45435837174407711636,0.0053914331146274196982,-0.091045722773494278113,-0.0035257176429936004647,0.0010808373472745633464,-0.0024695202964313813995,0.34144071905234940623,-0.18577177723956964095,-0.0038235868097039604763
1575909210920774191,-0.5832263508291982701,0.0062288791762520751005,-0.65778336711314844276,0.014304512550534834864,0.88446532695644075606,0.014303881814875000003,-0.46616720744552053723,-0.49968014537791438645,-0.13283315350310656577,0.023326001323223585771,-0.0031966084518259964102,0.00090176287230815145579,-0.002464161890651962207,0.56335554203531168493,-0.53289344232323931916,-0.30328269064351132123
1575909211120830377,-0.64599769778804350118,0.034497847946823700926,-0.60136715561519327178,0.023945590575823870461,0.85770994112343212912,0.029785228177640045433,-0.51271152295654587316,-0.5013235755760223622,-0.023926912898272700847,0.38347227348260037871,-0.0031742321920202611583,0.0012296464775425840731,-0.002567630094434988474,0.77865817089015909591,0.27046251197009141265,0.27834189000513120948
1575909211320893297,-0.76007059708655189123,0.031798754173628304698,-0.57668008070653065111,0.022168000852537495665,0.81561129222517503301,0.029535945026220696702,-0.5774204946868367605,-0.47795248076555385541,-0.018398291192126228766,0.38665120370010774842,-0.0023649201126522195401,0.0013627270279778084302,-0.002481922317698229824,0.42471666196700108564,-0.10123249259353694907,0.11160532886120830276
1575909211521195685,-0.7984960621423963234,0.045977217519797372591,-0.49891857917385690202,0.032249697926233597545,0.77222603445082838025,0.057203539417893536911,-0.63194514301328530426,-0.30413046117235276178,0.15946942366615540765,0.27613276370006051286,-0.0020471172084709911114,0.0019843526961586463453,-0.0022528646237075264196,-0.21132977521246254504,0.14727294919521682903,0.3123572952318020568
1575909211722681169,-0.84777170666195689197,0.096176209366869408468,-0.4419187976142607277,0.005695075575815873245,0.72508171154270995018,0.031895965013105584407,-0.68790022904223857569,-0.37281177946087601383,0.19192962424823953316,0.39242105176378766496,-0.0021819810213813840144,0.0025973045342806864652,-0.0022091029660738933059,0.0080185860933517372207,0.64990904113965952682,0.28170728315173376721
1575909211924357395,-0.89561036895266232793,0.088467425928930129575,-0.41762200317491204871,0.0064320239328399045342,-0.68651368759713471412,-0.019440720184471932397,0.72682848334983518601,-0.22232154444799251403,0.063402077828969449769,0.1895397434126060987,-0.0018755720712764142877,0.002855231793417920081,-0.0016801008325437864245,-0.16242235859287151856,-0.1944173493472833858,0.2113465432314582948
1575909212125727038,-0.95010322712140460322,0.11207232942791114927,-0.37462601042279791708,-0.017542469882879187931,-0.69166723074580638286,-0.047322773719968000417,0.72045073304861462216,-0.34500036837911329801,0.09522352038263180718,0.066839825064987645753,-0.00090703564214104828028,0.00251768511057627771,-0.0014341448149390507473,-0.3802144865584693445,0.2212554871314272309,0.41613385414346171221
1575909212327459032,-1.0042251046755246158,0.14843082251884515133,-0.39928860731341336843,-0.03272204950047261085,-0.68884819386803897157,-0.059320531037844334565,0.72173298932404295059,-0.2908558925672460882,0.078673777139282502491,0.017709181650635091865,-0.00012698004171466878171,0.0031232542980469176624,-0.00082513401558651161896,-0.47539305372483109391,0.12248731617200206423,0.25640662544132836187
1575909212527726493,-1.0209778884581302005,0.1504536259724888192,-0.37183022856589365013,-0.024558244128379608934,-0.63756368787325956582,-0.059775365854877082761,0.7676824487948759046,-0.036441285727394495675,0.0056517019042095495429,0.073440692281027009081,0.0010101070633479476528,0.0031257987207651896644,-0.00050044710653839225879,-0.36620194393814564648,-0.56710303050421306814,-0.19983593508873159772
1575909212728007764,-1.0736095311172078048,0.14254863902899167494,-0.31867086924305976225,-0.0020110379068546298253,-0.58154409934717465891,-0.027038410548683819434,0.81306293765982406985,-0.12438579896569998406,-0.18747083765891778273,0.30055769272532095737,0.0007027721947487048466,0.0035496970268099267698,-0.00023407815739305006756,0.14802998884247520195,-0.18488338088029920847,-0.23362277090081498554
1575909212928359426,-1.1394080363705898495,0.14990983703192098386,-0.24912874491649913966,0.011709741553304927122,-0.53477244409809754355,-0.026062537656454439622,0.84451291234474856751,-0.33679728821002941075,-0.12507325332600660595,0.47216816271922840142,0.00025367137144665361827,0.0042729162395834770563,0.00013306604398528426277,0.14112651163409639654,0.15021384726743636229,-0.036462514255642813898
1575909213128645643,-1.1628759255330702871,0.16919609729708709467,-0.19234554503150536053,-0.012899872845360970189,-0.48858760128876194129,-0.075559404271336116921,0.86914125754886883968,-0.13930391753208026806,0.024147547985433032158,0.40776112182618706736,0.00044500999029676723169,0.0050454514428166395354,0.00030742711027256910744,-0.13510204126337588271,0.23509803168573961685,0.46141652764202145676
1575909213361639325,-1.2257215863853720972,0.18148091235792851439,-0.11409410228591888858,0.0092324064099483255791,-0.4573115409420026034,-0.034455994710536008707,0.88859085164187967543,-0.34609787442084655185,0.010320930849332110579,0.46977285478784880368,0.00046435441107656655118,0.0055708315368054334843,0.00016852153383303098387,0.13479237410745553705,-0.19170257425894593473,-0.030847636571581016351
1575909213594395149,-1.2914696067844024796,0.20748751956495975479,-0.016163118347230651106,-0.01213889247699330258,-0.48111622520854208096,-0.086640761793886286735,0.87228046150667115644,-0.50953623756056198868,0.065219752410839076928,0.34694335188000380299,0.00024579068716617180016,0.0054459049736567382433,-9.4953094196844657366e-05,-0.22376066207308198397,0.17938054810883846679,0.23451125530194433244
1575909213795271186,-1.3768559018774819691,0.23477451653167955015,-0.019131585277884985419,0.010448785935135318503,-0.52130112577261888962,-0.025957128095319904199,0.8529139385903633519,-0.26287288728919089298,0.14386980328684428887,0.18241404662762739086,0.00039670283588452259337,0.0058337138299217779214,7.3338024537143470683e-05,-0.45742777827908354116,0.0097311740031415794316,0.075822138733376120978
1575909213995653271,-1.4760113247473116704,0.2023803102068530424,-0.039592411558967248453,0.020374985034087588626,-0.51857112493299739597,-0.020755556899780994162,0.85453967446126644081,-0.54890154685657299716,-0.070231706966345258669,0.029028334970665314874,0.00070227027717097937481,0.0060829644593006449924,0.00029878026956208544439,-0.77350353822286754824,-0.58554114173916538277,0.031724096922536242082
1575909214196024611,-1.685530229280216119,0.14753643517749512326,0.038672567388348906559,-0.0076757370667929931962,-0.51945593229646913613,-0.063891570075846934595,0.85207070407081320074,-0.98384215564315979918,-0.21764602955620770963,0.28554230552450249325,0.00046853527655413615806,0.0063101895270415656741,0.00092070972822548883228,-0.3817554591313667145,-0.053068573977569810651,-0.36402588884703301897
1575909214429157871,-1.9298704167297837664,0.082459922956606299116,0.16571536413568238588,-0.005220563181601762387,-0.50540874300489191384,-0.073315702492398410195,0.8597438897615549136,-0.79352773105434826206,-0.035473415041939487802,0.39914781600648430171,-0.00079611121396628778402,0.0068023705728765615844,0.0017426203416510393368,0.16183469162121194573,-0.078011742454011268055,-0.37764184350026952508
1575909214629402344,-1.9080020992234576482,0.078550268001757989067,0.14735496506654588433,0.010288977771997338817,-0.50788065300910656408,-0.037999945307897867175,0.86052738677630025155,-0.41814530668854532625,0.065004898922350118351,0.23691161391516291079,-0.0022312235703047427274,0.0057840606010488493025,0.00076013095953372626645,-0.29433061368381718825,0.20462548156541238153,0.30932595268005946831
1575909214829414381,-1.9568485116297418269,0.060203953341476872108,0.18114257391298774214,0.0082164634247937403527,-0.50020579920788255102,-0.048424450971679862399,0.8645124179071602688,-0.49282571137019209884,-0.038284741875641639663,0.34396015143701802463,-0.0028454004518301688649,0.006424496893067833253,0.00034140012496285034732,-0.13477397673503707654,-0.11445285194261511919,0.2627949179024840487
1575909215062238665,-2.0214725074736832333,0.047142173160903529106,0.21781954300099104493,-0.0028607931553272861191,-0.50483131390869429023,-0.06081630731250034505,0.86106825346462290138,-0.46918591904105455548,-0.20215341837650496748,0.22973928408041505156,-0.0012812953013641088015,0.0050964044801942763943,-2.7426138416972319599e-05,-0.42588148415383042522,-0.58741422730997161494,0.00079141322917736234288
1575909215263082182,-2.1053279943189053824,0.045701804227302855743,0.26468463331932906568,0.0027850742614174707999,-0.50608710858984651271,-0.056817777324202026201,0.86060433537164193751,-0.51486081292976038082,-0.052766634253340966021,0.2826531621225260027,-0.00042303836499161108324,0.0051270149190646300066,0.00078197460758875670956,-0.44301627711987567881,-0.12834190984645554856,-0.025495310782286929874
1575909215463182737,-2.1783995935610587225,0.058632785218179245268,0.31754195043729777082,0.0083168742857681072361,-0.5024295977466050056,-0.044246599297225394642,0.8634451733381403038,-0.50114431820744675949,0.013364753418269120777,0.28350983667422613443,-0.00034174330371905471855,0.0046600809585370973898,0.00057446719427677701234,-0.32015888905361883365,0.24611419144920293478,0.33113239026394786224
1575909215663366739,-2.291865953820539481,0.09504461081572147807,0.37743534300311920582,0.0021767040542495590637,-0.50098579209880800267,-0.053799631674203741982,0.86377896345437299441,-0.45490869306496695135,0.15664797300760718857,0.35928579525307791087,-0.00058775594786268843019,0.0049687753970238633661,0.00064814792882548328233,-0.17331965792089676359,0.52425797719905942174,0.54002806244597145735
1575909215863379787,-2.3931039010135508605,0.11006829043624424824,0.44267748027864478599,-0.0011224332783173935919,-0.50161657310575080704,-0.063201845021733468744,0.86277753825364988938,-0.53863279785168982627,0.031317499760448286317,0.3884859240790924928,0.00012214204191615045218,0.0048977860905524842408,0.00067897427054461616421,-0.3463494153197038683,-0.034647344221299447575,0.19423960787551136642
1575909216063549634,-2.5270957373282465497,0.12410614590629569232,0.49275996709834002374,-0.005146144770732643571,-0.50047993221703435118,-0.06825095664134935014,0.86303833145438724195,-0.5777850484232799344,0.036381991453089297661,0.23449503639925647902,0.00049084877199670928945,0.0054385556163735922219,0.00080136460699440064531,-0.61394322186827521293,-0.1659074694488849866,0.10854629339879402761
1575909216264030935,-2.6254527208951876638,0.13190891606571547578,0.56046745000746001075,0.0022299669805165424179,-0.49990370065533495936,-0.056746452470147472347,0.8642170777359244882,-0.54888699876181468174,0.048483288528689549857,0.29098658942507082958,2.8671323145311965446e-05,0.0054730557727694058648,0.00087365832855114411177,-0.23667541900866739812,-0.016164235904632923146,0.21514552462192465532
1575909216496509221,-2.766210735170802959,0.12429857245772193974,0.64796316579457480245,0.0044592864078569389996,-0.49925623935859148039,-0.051879102933601019265,0.86488836326144147293,-0.62825381508409594566,-0.054710056073669986743,0.35256223602440511788,-0.00054657318817464715585,0.0050418156995532901338,0.00053717246788420114963,-0.32606800166373006711,-0.10735673456766899048,0.14307024207363217005
1575909216697442431,-2.8808516077821497703,0.11496852222446045377,0.70708116813111643317,-0.0019766098410690367305,-0.5055018620286281239,-0.068090325421649500193,0.86013235497980244926,-0.59478942464966755299,-0.0084568684165612223458,0.30342092266325465522,-0.00048360621333696997455,0.0042293023333592819069,0.00055307513688763446005,-0.36534444129542342772,-0.22278454679798298521,0.15611238326586698855
1575909216897752900,-2.9750092586056027244,0.11683585059525644634,0.75977957602983947627,-0.00034657480075451330788,-0.50646870593375648006,-0.067105001797508848083,0.85964309369031222108,-0.46899141718707393345,0.085450704348471615002,0.22840047023163767559,-0.001238059586197784662,0.0041585435569727541641,0.00030886756066988497234,-0.37648909854680817633,0.020127540068695520814,0.4570617264899550225
1575909217097796002,-3.0879775574006580463,0.14873807824019097401,0.82712838718689174478,0.0018986251831160892711,-0.50649515666893407673,-0.058544674213064147594,0.86025087771801378445,-0.54694942787408851181,0.18121475837101275186,0.32949340887063821581,-0.0020717891158286258664,0.0048391330855407158062,0.00018872680785617725356,-0.19744086519408718394,0.45387034355082900294,0.41641206556912335746
1575909217297990918,-3.216686459853062896,0.14438331559374806279,0.90339336630435373987,-0.0023430770542405641305,-0.50424159471006857469,-0.069121433408995486269,0.86078867998925934213,-0.64490633426481491774,-0.065164048448298039773,0.29882433438593269948,-0.0011967698222923217784,0.0049714461109941973649,-0.00014303328332163084283,-0.50936998153867174555,-0.52046081869044358292,0.11043699702097992121
1575909217498339339,-3.3480221341366802612,0.1224290276031779201,0.97547290484662529941,-0.001293710914091466364,-0.50862446013392159649,-0.066466901077891826777,0.85841810088479042484,-0.62455969233541086538,-0.030045327355603904107,0.34926632542338570397,-0.0013608500409168292067,0.0042715548281400811392,-5.0105329742511394483e-06,-0.18941213285693359047,-0.127828436107429666,0.062559766074696709914
1575909217731038522,-3.4863735750100697253,0.13654561285329727682,1.0614191517010682642,-0.00059139388961181689128,-0.50859183393600271295,-0.063522825715945349656,0.85866107826076720766,-0.64907588711421004835,0.075355390495189605859,0.32763306677070458406,-0.0024305277031464430151,0.0035476919347492991835,-0.00034952946393174881903,-0.39624807765231906398,0.34546928587846958969,0.29546835224349721205
1575909217931626730,-3.6158184483736048875,0.13266733509766254206,1.1352728559802778285,-0.00056400042073472456041,-0.51041730491562931071,-0.067166339695156659917,0.85729956232238135883,-0.67650688834424521634,-0.11318651531721890535,0.36883020892696666282,-0.00073285916926530965225,0.0036227821010561627423,-1.3052732128108839559e-06,-0.2865864041588140898,-0.6466926674322028834,0.095516806189461817
1575909218131792585,-3.7626827458259368697,0.13092776325975222229,1.2007283508556354512,-0.0029743420924033684219,-0.51123951526870070605,-0.070662306795139337434,0.85652329198646537378,-0.64258046296972315403,0.058098635507390583577,0.22425031181550511561,-0.0019296466470732002822,0.0038432854407569514398,-0.00040576990566243122333,-0.51113343811268319161,0.24062440504361437554,0.49379916879670593399
1575909218364320493,-3.8961848619521450843,0.13925270964577265986,1.2769537263181676146,0.0040419261993573946806,-0.50739256683468458853,-0.05463065932890029397,0.8599720559499592909,-0.67081606289032869039,-0.11063005552198060255,0.42728016142935199007,-0.001305910853587643897,0.0038411928557616440566,-0.00049793702990625742909,0.037642128878058955799,-0.12550392174556235236,0.23930567318164319701
1575909218565533498,-4.0638343239848246924,0.13179290168923044058,1.3725799169731107696,-0.0040305481372168161514,-0.51244408103286498424,-0.075800405238274123909,0.85535905739157902516,-0.73434413714757451608,0.048717530543173737101,0.3543673051741398905,-0.0016179913244120393799,0.0034281228328673783896,-0.00075410755137871477577,-0.42660990914057367318,-0.0662947980925302216,-0.086299590276808502143
1575909218765564210,-4.1718595384261627501,0.1395638009925233014,1.4468082152818151354,0.0005899873710813165412,-0.51277943372927214938,-0.067650530156634816614,0.85585063534983518707,-0.72873325679310863023,0.055901357339539395341,0.53524140614983706232,-0.0016118181071279678428,0.0042936276397153687323,-0.00047265742361752926355,0.25692671232310054785,0.16775989534144511439,0.0010002237022255638932
1575909218999825479,-4.3042584826541778753,0.15691587593744227291,1.5011335119464344068,-0.0015259472064076916569,-0.51129527145647613029,-0.065996126068602015136,0.85686599198200763539,-0.64329891256236981789,0.024780623191341069611,0.28547069655706919233,-0.0016453365559277450918,0.004340382767605150717,-0.00039883360863641342548,-0.60390707822491873635,0.16224352371728256728,0.48936932824057000069
1575909219232296705,-4.4750829679922325965,0.13150423962483887008,1.5872248009649392309,9.6335793632212009707e-05,-0.50673533738721465713,-0.071818294765023701909,0.85910501168339470368,-0.64262501190499099479,-0.10568324432119052814,0.28482503008213871931,-0.0017742014597750799774,0.0044126404100206049336,-0.00014949842541790746894,-0.47473409705709257445,-0.61556140910801826482,0.28906113857629245345
1575909219432781596,-4.605042557901651179,0.15393508390987814538,1.675780642152372879,0.0020044531558497421901,-0.49940731856219577889,-0.06429078840185339927,0.86397627679279065394,-0.5894336245285175524,0.12548173570864146198,0.36717309536610565068,-0.0021800469353090001084,0.0040919071211776006022,0.00022232345715062190161,-0.2570894767754257626,0.73746574806556008941,0.48363329862155213235
1575909219666187123,-4.7080432430615015704,0.15712786923229679625,1.7644384208308176998,-0.0043610226201990995309,-0.46516254679887647505,-0.085736456400726662741,0.88105280578472511266,-0.31232827437520710445,0.016094664027242466808,0.39244482497811061794,-0.001535422975574283512,0.0037930320806127790396,-0.00034765940941298653123,-0.41510730682487106957,0.0050104004823390280166,0.47141586270160917849
1575909219866265095,-4.7859448909023454277,0.1423152675052089533,1.8026213781392887991,0.0081676711328007509105,-0.39512681891371753684,-0.064603133446171745469,0.91631573230646323758,-0.10333555012024391029,-0.093109266839760340684,0.41728981514390084406,-0.0020941822220624738658,0.0038200554492767752231,-0.00013014117984331459725,0.051531097488460964051,-0.26632281902013121844,0.33498309633213046999
1575909220066455002,-4.803095274522640068,0.13844803309176331729,1.9472424220001385287,0.018488622921532787274,-0.31969350664656975836,-0.041279646793301399965,0.94644081874732477466,-0.15133288893450119739,-0.008282884734041817687,0.57994258817086496993,-0.0018736327154029079958,0.0042995791301792350009,-0.00018378204101112609152,-0.17245078455689488717,0.040505558459816404238,0.38860669406133518944
1575909220268362240,-4.8234931451775153732,0.14037640248648816654,2.0984130650194781076,0.015081355114429680422,-0.26449141275390919414,-0.057385031191556093444,0.96256106481744785341,-0.16452121744266731684,0.034563824167615830874,0.610620156689379745,-0.0019888225086771558515,0.004164817677491786975,-0.00028704091899179988434,-0.45669074371651280364,0.53306279144384483004,0.5347282406336323346
1575909220469170910,-4.823274123686791981,0.14405206403171727514,2.2061706718966083152,0.015787522983914663299,-0.1732952908157758265,-0.092041498009121203161,0.98043248566300889024,0.11884684283640246927,0.1495194272171344041,0.36102101216562920705,-0.0020601966551554440343,0.004418675683144317537,-0.00011492356858919879244,-0.43298094741529380425,0.15226779102649840025,0.59862078653302419617
1575909220670627855,-4.8256606535699848592,0.13167809829109128339,2.2660511740870066255,0.018932674827328504347,-0.091849311660484600495,-0.062371371679861099813,0.99363729286201385449,0.18309632559216093561,-0.044659708698805908322,0.35173967300107228384,-0.0022877841245577974078,0.0047439575445513155333,0.00011790471550678310961,-0.34843302529545672197,0.20982456741588684235,0.33025266098012362459
1575909220872458835,-4.7718074073220853037,0.12608902187182399746,2.4277914592109635095,0.025247114207745988135,-0.004948731542982769474,-0.055462885761333222123,0.99812923090315464059,0.20932708235618102677,-0.0066250170207002856415,0.50389326760276709205,-0.0021294602077131493181,0.0057064039258202655866,0.00028292294998413889274,-0.21311843593059121016,0.11721001720481298569,0.70555896332223699829
1575909221073782723,-4.6939319181444814078,0.10091586214219352979,2.5451620492685638197,0.040807599204230000922,0.081035349513480001149,-0.090749751771820388879,0.99173206791439838526,0.20806482077818871934,0.06366974373081481231,0.45187444358256162458,-0.0023421239383814955459,0.0064448177607492511745,0.00059272720277580507719,-0.45221359301019264931,-0.18761951485486111357,0.73087884578869177776
1575909221275661004,-4.6587673456298803742,0.12126009561842260309,2.5335365075815459157,0.029928046922839641325,0.16213953444795423109,-0.054936576280017884732,0.98478274556524192374,0.29101490013890213282,-0.10994345521971715662,0.36195746460131805744,-0.0019987543018916502889,0.0077432240328946010458,0.00035476016249446333138,0.31143650467375555424,-0.56214405815760903895,0.39520819571350890298
1575909221477094093,-4.5510188656770331761,0.12295099455604419081,2.6316527401450326984,0.032517049658387746358,0.18866802804683394101,-0.039129195124120656757,0.98072214350618835965,0.47958393067774496288,-0.14171561074373167921,0.63116193869400782912,-0.0021651048588171898333,0.0082378211701618301449,0.0013832177824741574701,0.15852151770539088527,0.06156691419886084482,0.57385048239739444575
1575909221693230053,-4.4387198223636712413,0.11344670635191234087,2.7755583723033203647,0.044645431284422276708,0.20738799638446031581,-0.085602918173156364312,0.97348299667806637014,0.50555837041092344109,-0.097049071380237231232,0.67601748234134539928,-0.0028686462474179475445,0.010304307216736124236,0.0015518613082477618163,-0.026947550514934137667,0.044009846857854362234,0.70884951796500184074
1575909221893645249,-4.3804650848323829493,0.12260766951906183764,2.8978526517416476338,0.034130300762905782519,0.2155105362414486414,-0.065648276601947899711,0.97369432324418536684,0.24920828208938514137,-0.086574424202040908827,0.55979219664008283974,-0.0018433566252590168587,0.010779115454945314631,0.00093006407668116172337,-0.47619359213194090152,-0.33005430684866648994,0.74457777058459817532
1575909222094145521,-4.3189367233560291837,0.11856144985019456684,3.0182794369678900281,0.03355614661425827816,0.21137229392152417917,-0.057308335641697891183,0.9751469084464836623,0.23648535553922350738,-0.077656302926957160304,0.6567578158116952336,-0.0019205129214206052672,0.011049750953398841322,0.0013099617157402228436,-0.2577458511463172619,-0.037106038367894667029,0.84138111351117017556
1575909222294343786,-4.2615886895161816383,0.11549234702384061912,3.1622195339359859823,0.034574265680648655352,0.21926658675429089307,-0.062692843999359051943,0.9730346301119195962,0.38032215973389960073,-0.16174028141886070964,0.69410952220721977568,-0.0022061507792582959499,0.011266014283238631744,0.001406766110688984937,-0.079720442296770777091,0.11068456535257356621,0.68416827742780572663
1575909222527495250,-4.1687642222671783543,0.089247523978481568818,3.2772461932932666073,0.041706961933850997259,0.26705367455039691338,-0.067372290029861753302,0.96041857477430747636,0.35493923422801515466,-0.047541888032846063572,0.52255113101039352141,-0.0017168281195457570781,0.011272851724911962454,0.00155277374302276042,0.078679810666440697098,-0.43692166210694427519,0.56197814319282690665
1575909222760067947,-4.1139248429300740995,0.09486403952871569345,3.3639313951883473841,0.030941894213266329244,0.26865337839873831838,-0.042096300358233536276,0.96181903856889294779,0.37676850314181997703,-0.0040563871041112142812,0.5991690429588358846,-0.0027448238851978364397,0.010556902744472336161,0.0011227106828753268854,-0.20185471219776107699,0.31297763738539896572,0.70333545956648069186
1575909222961163834,-4.0180722463597824401,0.089695622777643674306,3.5339518055534826502,0.039283271867532068566,0.27157620467769194583,-0.061086129666658529891,0.95967269126853393946,0.40700027097290503164,-0.10064170891363075078,0.72859772025056201983,-0.0023943605861086137906,0.010601509972248542371,0.00058192592417382325333,-0.2782297052568243334,-0.21502521106898297987,0.60627638562984254023
1575909223161217076,-3.9369861180894250019,0.081751187189313831438,3.6794025586270371342,0.046598732596822907415,0.26919974366750892836,-0.078873772254477905741,0.95871736407560015358,0.35919438249299667776,0.029496792169702371056,0.63501886453342903938,-0.0027772875812591864275,0.010527693188494268231,0.00071032245267983826903,-0.022948181188426730603,0.02938441188311879948,0.73382130351196461771
1575909223361338262,-3.8627712915966445628,0.077766727203380042743,3.8072574780616683654,0.040472357598983411953,0.26762871161539519838,-0.061265397167138108125,0.96072025694237206395,0.38151358428745341111,-0.035810029165611628743,0.61425453003339369751,-0.0024880036938237930395,0.010174273124125308293,0.0004936382992154957159,-0.087311006546992059318,-0.33775203879576198851,0.56997505135588277803
1575909223594880631,-3.7864556005110308057,0.068572611763782487238,3.9613167305782104322,0.039721215239362922533,0.2675716349330735655,-0.061779762908181580505,0.96073456590993955295,0.37522719579739738371,-0.041675688676637123731,0.67655601849904878353,-0.0028238082833852524642,0.010359618396139778224,0.00039803797850312738543,-0.25759528423128824626,-0.075682453170893448924,0.62155165584308191828
1575909223828509847,-3.7060219651491181914,0.07247483100188648053,4.1230384198245300098,0.041819966207419914661,0.26894885766665527216,-0.070457392523227233005,0.95966314831040600009,0.31337893510277164966,0.031049977621603039313,0.70189626946928462825,-0.0029028667477129974604,0.010646804046134307475,0.0002890640452295200084,-0.17726728270194774817,0.13628485448137711566,0.6281593970307969288
1575909224061640870,-3.6225980447359873438,0.065223509255687331376,4.2616564591793331118,0.042443634501457987163,0.26633890315302533036,-0.06280725892964120205,0.96089404971791547716,0.4062282763269914887,-0.026179594853376120245,0.63523937310598432848,-0.0031046018255576936229,0.010065238606627353174,6.7919814689142832655e-05,0.16068288142106706973,-0.19764547534731879974,0.62780061857385416335
1575909224261759008,-3.5499874466330911815,0.055993485408791614233,4.3916266366756326889,0.041072245151064536162,0.26447733295145103849,-0.066532789195651989567,0.96121704052466006019,0.37608808026643331113,-0.026596638201596946305,0.63911671616511744887,-0.0035542462811638617787,0.0093532586283948046524,-0.00012846606719401674839,-0.12651565146747678625,-0.047213567240364767708,0.64077900984927993466
1575909224461900281,-3.4629112617021862164,0.034250166022689480794,4.5517544258072328844,0.046095121555366803945,0.2619954818345175962,-0.072648559333979401131,0.96122619299194755893,0.42994046438112576425,-0.075130970166300437008,0.6480837180034327849,-0.0036298306609184763198,0.0087291961637354642534,-0.00022102928688914579556,-0.17812747935731423898,-0.32921977565936655363,0.51629222476305236533
1575909224662196215,-3.3931132327635804558,0.033056442521278567304,4.6714608633350289679,0.05007958735030908215,0.26545084144114744484,-0.07767119640288608351,0.9596848810720916001,0.36975493352159377602,0.057071270415970515311,0.56869319845760468723,-0.0039839488065321077698,0.0088133005857633055224,-0.00017248638346408325583,-0.14489372909037309678,0.15329886834447847832,0.79515196791031828027
1575909224895699297,-3.3106938415971045586,0.019016152794540889387,4.8235936488018964496,0.051898133171208490899,0.28593803052437322121,-0.087943046925693615923,0.95279171227011216772,0.42634635727250747017,-0.035861461818056453166,0.43400669474487263422,-0.0034866376193450352231,0.0085454800790302730407,-8.184906447924779609e-05,-0.19373035087256304521,-0.29273041906661706468,0.56774817046123371433
1575909225128997440,-3.2250126083176930969,0.019017040345794478801,4.9508095188828988853,0.040786327197661211008,0.28266626204598960248,-0.055491752262803423212,0.9567428731093206018,0.50499531586202606182,-0.0023167163052774802923,0.63829058667427196472,-0.0038288931407184896918,0.0087868254570256879715,-7.3151869088895025571e-05,0.039979345539584654201,-0.004122765351453339111,0.56338842847156445082
1575909225329587600,-3.1380009710094376452,0.012625778532151011452,5.0837321662686125734,0.042284080644728425091,0.28394705703521611051,-0.064866077872113361846,0.95570838505611077629,0.44920265214787524766,-0.085615894828368399594,0.66366966133275928641,-0.0039653449527958361392,0.0087476241171988416284,-4.7562994577449223352e-05,-0.18253560330765056241,-0.0048923387200244103021,0.71368056044358441081
1575909225562519553,-3.0429081995764102331,-0.0035587284172814495631,5.2370460684355748526,0.050990269181810397858,0.28329279445813443372,-0.076515771530666326639,0.95461537896889936405,0.40243003215793310412,-0.055102381523050816825,0.60248040694054127986,-0.0038813630326881057818,0.0085884923490191760614,-0.00029884912278377052117,-0.345116341991331399,-0.27697512027615728281,0.55494256325208768388
1575909225762658045,-2.9751382681221700821,-0.0050285845600672729461,5.3547196434702097889,0.045580488418039626086,0.2809344769535905284,-0.068460515771664121054,0.95619631693217899127,0.39976776830409549435,-0.014642417009619129731,0.62870802979904449881,-0.0042732424416012668514,0.0080993155339493527745,-0.00058242968847929460149,-0.11797356017627738667,0.13965491775349608838,0.61161658341645264159
1575909225995914744,-2.8829327570565164152,-0.014055331989204911461,5.4778873225723172524,0.054350087726198752225,0.28292510343880217238,-0.089474066250083597596,0.95341168719340452231,0.4104095268810494801,-0.041089618406245490001,0.55128478305778738644,-0.0040904825921368121247,0.0078658615497385793447,-0.00053352581593435954507,-0.18885073754345163555,-0.15366798045250257276,0.67927824542118342421
1575909226196509839,-2.8066349783282653618,-0.02052177397355985089,5.5834226979901639965,0.046166787254966208665,0.30331798599203241285,-0.075534100907500109634,0.9487683735919891781,0.41231645964217983336,-0.038206703815890169507,0.46319459924460454348,-0.004075508738281745022,0.0073614005130567721283,-0.00056336564312930396004,-0.0043036667573295717126,-0.089941976207135676535,0.55953422120935847328
1575909226429632847,-2.7055091660986239077,-0.018906672691261082464,5.6636063103279505881,0.043828016748662636248,0.34625437359821426009,-0.061267961639343219982,0.93511135731983707764,0.42169659802063447218,0.063326169189743125587,0.36866005948247310142,-0.0044488860452112843555,0.0081263943505263322442,-0.00017949772012229250505,0.047531068658833282303,0.092452261397962504086,0.72431049519156243122
1575909226629753556,-2.6356364067227988635,-0.037892123571544880645,5.7221004168360813935,0.048454889126721634174,0.38145644410565826554,-0.063761089264586665037,0.92091130325660475187,0.42541431753241260028,-0.044634576009533674656,0.34917100277433121835,-0.004690974517946436273,0.0086603223212904957562,6.0736732124309266096e-05,-0.24010796166235087723,-0.21618006732951075555,0.80843124568066082603
1575909226863410141,-2.5321206585601068184,-0.051608956648408366163,5.7895373766404887306,0.059748716708107621476,0.42949912856320471288,-0.079792905792044163671,0.89754870709084355607,0.42724581478947198931,-0.076679473789443924892,0.12771808206190571333,-0.0046804806043481556044,0.0085150623213086796409,1.3679978635460472518e-05,-0.028294402543359964408,-0.15861794306765256146,0.6813069905426279993
1575909227095654414,-2.4086805141959222176,-0.04666642997710438584,5.8009555643220789278,0.043997785226005836634,0.52466606014788153001,-0.049230299845108085877,0.84874383520663498892,0.23919096781093748816,0.015692952405345600431,-0.14026106895879203451,-0.0048323369405223731005,0.0086211491732491683099,5.2454341998586036157e-05,0.22747356847764582666,-0.056987897999440303987,0.8713714057260889545
1575909227296964576,-2.3745511607211278182,-0.032780833404077801274,5.7786938817697084403,0.037141984452579074327,0.57050325295403980785,-0.039237423873973040211,0.81951628167323098406,0.35232452503464839477,-0.056431423410179662459,-0.14222905770356475408,-0.0044626999009620971215,0.0084794245019866633373,2.0265867065943630782e-05,0.074217948186129201193,0.13618867838593529118,0.87328225431543671231
1575909227529983186,-2.2684643046448722536,-0.052396500129532556922,5.7587545891260480957,0.072123318932283228544,0.62642954895566560491,-0.067373700699561334115,0.77320439181075562018,0.42312962094613815189,-0.039887831297357262406,-0.14154220369617853681,-0.0045697710762745711102,0.0088915039681034015173,5.8035234424522168662e-05,0.1508596090602116746,-0.1894284118826665142,0.90537993941277461474
1575909227730056598,-2.2376942158685677597,-0.062886505167679296324,5.7212468838278995875,0.059647464965867882936,0.68498785565485398319,-0.057915902793551840566,0.72379525125004762209,0.20477940433439500989,0.0096621377092232854644,-0.16767356692382895389,-0.0044409652748635276148,0.0088970374629246343906,2.0557682622556245245e-05,0.048073510003864339257,-0.2776087898796308906,0.90920443674122930489
1575909227930240632,-2.2445642334410575991,-0.057288737681215173847,5.6757052009367674472,0.047955326463410496984,0.7379978393658551683,-0.04979857663487143038,0.67125224582138953711,0.053705946249836308826,-0.070371548313570883582,-0.20560544618850262744,-0.0047804717275027937967,0.0093436684467196190473,-2.3752774256926420722e-05,-0.082808686446526169611,0.10494576054857940317,0.83815916124910494478
1575909228130326997,-2.1519795877585679023,-0.041581203227455315607,5.6254237479603581562,0.067340214130619330257,0.79158772739841609667,-0.038336009340575849524,0.60612252538648780931,0.23085100253073814747,0.050317751133189106416,-0.25298146037086532978,-0.0048415445648046706237,0.010148529453069449896,-7.4516722063696597556e-05,0.25678764987856289581,0.17713408618189890875,0.59420152040600426879
1575909228330341293,-2.0843817845748935369,-0.017737344330415412419,5.5850287036918180306,0.031428561039112186404,0.8182213557527370229,-0.025565598259771032952,0.57347402620065091039,0.40920254348745449535,0.074794102438276929834,-0.25574512454817144302,-0.0048749131871863148752,0.011401255545014726822,0.00018096717727226596228,0.37295103143457669637,0.25310441570158281888,0.69809598995697541568
1575909228530513581,-2.0156000103396771728,-0.027053384396318512495,5.5164026491989073264,0.053301273765406630145,0.84588351387090843225,-0.035365734170101421896,0.52951800726981923528,0.2600378189969744791,0.010397538361136687834,-0.30378349060451748098,-0.005707353923548071431,0.012003325642842264248,0.00012076884363655676505,0.35185496097317114916,-0.11952352377488895119,0.52786900188854091187
1575909228764214285,-1.9098070772194617462,-0.036812141939550582781,5.4371599032865116641,0.10162836243500940336,0.85602477860888193106,-0.04163962784486110319,0.50513304757195909289,0.39167741769775010763,0.16274274454266199341,-0.26681813674774257361,-0.005623430440431838144,0.012051414609432832201,0.00027029606995504214077,-0.046574359222097960753,-0.062045075096483652544,0.29451253395548859793
1575909228997270906,-1.7829096455126833831,-0.014189804905633020271,5.3507514501416872932,0.067084154308302987313,0.88075697709865885532,-0.038191052923135876407,0.46723474507938200784,0.40361063481212916537,-0.04446570457359591555,-0.4741819556135071223,-0.0053159770844074128587,0.013361773778208600391,0.00053730501063759612997,0.35063915851018040426,0.089980686694570932715,0.27431789272283957359
1575909229197564993,-1.6363906942239769826,-0.014356571905315152968,5.2388491379222230648,0.039942735867165728159,0.89195516374322247888,-0.022097206985246510558,0.44981360269193576551,0.67669370229962577667,-0.057854109827465624583,-0.48700325991221149469,-0.0063830578665781756778,0.01495703081950465127,0.00039609102208592531901,0.31140741979880237622,0.0067411030617199885207,-0.077394994156588126089
1575909229397805440,-1.5082718580468741365,-0.026802439583103472576,5.1349713332451862868,0.060804810442231300993,0.89440221393494967472,-0.024807920834989026504,0.44241611837634303717,0.87623264155661328978,-0.050358352375751341823,-0.54228471991923588025,-0.0066623520107895375236,0.016400797092661022897,0.00014729160906739663861,-0.090870595869855297355,0.14645264298405050174,0.092339801108096308813
1575909229597919251,-1.3693290208635522376,-0.040849050844893965151,5.0416469808787178764,0.070411517106754209494,0.89607659031971531594,-0.031180486141613707185,0.43716900601905805956,0.81971929107380570034,-0.019880445180437911201,-0.45798170629019002709,-0.0065951315288831670325,0.016695107329016335707,0.00029903449066861559824,0.17036419885122405793,-0.032875682906412323492,0.23718641399376783063
1575909229798162513,-1.2252943471572068646,-0.032514181711935555286,4.9525600642070406465,0.06271127861443380469,0.89584438970123669854,-0.027872168362708941991,0.43903674926607560991,0.83086690324137613128,0.065286771205493671077,-0.44570271473192346612,-0.0073380476930744167538,0.016919412343617965672,-0.00038706168974904944747,0.11722835554454072438,0.34019372434982153575,0.1945483701563016643
1575909229998171502,-1.0704948973065790963,-0.0086579046053934897997,4.8754567872787646365,0.051675504506328955034,0.89551179918350665154,-0.026869539659227566208,0.44121002662636416014,0.92385498991687342585,0.08586750561745853938,-0.48826335138457538365,-0.0071844455230034975218,0.0164129526229127784,-0.00051017613600126243256,0.11914931622694283075,0.33015737742254624987,0.18473226834737510593
1575909230199070869,-0.84260038424339356311,-0.02605719672620513197,4.7736089263285652606,0.062128093288080166179,0.89518919051320522406,-0.030134716743705217828,0.44030479449976134276,1.0721852590348972534,-0.051873725521136809791,-0.47476289244476149731,-0.0071914776241417954772,0.016426953776411620106,-3.8426046188235190183e-05,0.0095951136466232850308,-0.11003341018213008695,0.067243899296634129792
1575909230431687670,-0.71634766264504445843,-0.045460700256783947992,4.6983470817883530302,0.062908362923033089853,0.89525006566276865705,-0.029931763091819815759,0.44008402307214933291,0.81736739616775544448,-0.064187565308433780498,-0.45480425136603463976,-0.0069829243331455941729,0.016102193517912040399,8.1937602592261813382e-05,0.45535933176818638168,-0.16499436024817956681,0.37618287178243647872
1575909230634083189,-0.60283723112186216042,-0.052804600506659471471,4.6142110111588348076,0.053794507999666979492,0.89488631602868606851,-0.026849813621977667438,0.44222586966633464778,0.83625312186286726579,-0.046200830703112656661,-0.44798437193784040877,-0.007106307115304232383,0.015159707627440503763,-0.00050089843944413651664,0.23592292139968912279,-0.023080241014464403237,0.37372882446492128317
1575909230835503781,-0.45886641280774659313,-0.079891267279763200637,4.534525054534729982,0.061551509760710054753,0.89340889090697228614,-0.027904288239526738036,0.44413209295478378591,0.82428433713068582911,-0.080557794314158451265,-0.38650461951107412117,-0.0066917755169606969734,0.014094109864087881606,-0.00020457414012452814758,0.21549456315426107622,-0.16019063443528308577,0.51438650089130555365
1575909231037204426,-0.37360931896486904158,-0.084818974384147233225,4.4510584300774054256,0.065248004823376323791,0.89246850369561192551,-0.029293831902357479746,0.44540379341712066363,0.63491002073971702924,-0.028482595378419059418,-0.42598000338286079458,-0.0060704528075813685845,0.013523499691850510498,-0.00019534995536619881979,0.54483501324861904891,-0.026276597674850243891,0.743461502692434828
1575909231239038285,-0.3332807912730236799,-0.086941975339010241219,4.3864806585743307821,0.054646280231891435075,0.89248934159026949153,-0.025117587502796991789,0.44704101154438236065,0.56250420201445583412,0.053605178775602307928,-0.43175289051698645393,-0.0070987703445751807949,0.011769530347136365062,-0.001046446520200021435,0.2754941475016014496,0.37010882404546951996,0.75923672940246611507
1575909231440358080,-0.24691883753846854965,-0.058112769805172430349,4.3491945617513163569,0.053944200343957651733,0.89069837599211210133,-0.02792903887117226952,0.45051791866916673923,0.54432118406238672037,0.12642173474062673444,-0.28566010879315961724,-0.0071451700547288865203,0.010723349059426614746,-0.0011970531557306581926,-0.10431386574020712343,0.33687720268213211527,0.82324704821457039827
1575909231642266600,-0.14256318392997366362,-0.069625336046211988572,4.2814602279645930238,0.059335137615441145564,0.88815387493316977352,-0.032438146793951509739,0.45454351003828707967,0.58402313977179776128,0.008490251117510033696,-0.34144470044983687984,-0.0071109635924875812252,0.0095399696513185656271,-0.00096852463720907815831,0.22954087454383531597,-0.16169723485349779546,0.41328169464317449089
1575909231843572893,-0.037919233698403727317,-0.071959292274387215427,4.2235943061531600051,0.060765879098494408883,0.88676790293659379927,-0.031043420782549707715,0.4571504131956359851,0.65887630331897495406,0.010246711888463370943,-0.31280875487058773521,-0.0078530138557486757478,0.0087945632615028142276,-0.0015242633501238388692,0.0011981537038450729149,0.050764619065042843049,0.364717926853816099
1575909232045546086,0.06149922688928940312,-0.07184891811734657463,4.1509863573421235117,0.056644444939199768696,0.88705889734881415709,-0.028754807351612895333,0.45726478165938833076,0.59307888854249135591,0.022710022608198106309,-0.35284011435365536524,-0.0081683240334949926142,0.0084846421912833196177,-0.0014344078990948451891,0.38556483768462507244,0.03354008732862964054,0.46940087880603897919
1575909232247049489,0.26652014156284009605,-0.088534273778934649557,4.0455560169022639627,0.043261875591602938496,0.8890004095911959725,-0.023641256089306467852,0.45524473953852856445,0.88038841610439055874,-0.19916814314971503785,-0.37617222085261681208,-0.0071449771745811579624,0.0071402239464169337674,-0.00079168920176865803084,-0.18014697526324902066,-0.39216721171232865606,-0.15999435810755602283
1575909232448408771,0.38636781905473649434,-0.071194611649179714852,3.986017587625523273,0.063121595269736832656,0.88357694176342149728,-0.027550781341481159203,0.4631937031546057848,0.70325031243087043897,0.038899583528154757506,-0.32370886363851786305,-0.007308600021815319682,0.0063963120404143059342,-0.0014188612578001588184,0.2333239568622681448,0.13257678493554764243,0.53158187788448540978
1575909232650269285,0.43112436046953150903,-0.069077107640987261972,3.9157324464281670906,0.069056617381741902673,0.88398814870039599256,-0.031007152215762300018,0.46134010563195937404,0.48937154632690404998,0.066572343173369324942,-0.39095989592249125177,-0.0073496560487198454165,0.0062208511906005998712,-0.0014248815051610391053,0.65202467672291530842,0.088258807026589489175,0.92379905424098629485
1575909232866465329,0.54043561886093194335,-0.066568339381975857871,3.8471000298510222848,0.055729832504722104369,0.88591217169069957915,-0.030927966446021946251,0.45945323016687816819,0.49584368575407244961,0.061413968688674810958,-0.34514796175420742186,-0.0079728196818292015186,0.0066748695598370820156,-0.0014765429776823295847,0.40583270490629635985,0.029959287810314934319,0.52750911354172469458
1575909233066793749,0.66629020752623291379,-0.072719294138925180682,3.7661903774411382706,0.048411347843630235521,0.88492502886577006915,-0.026233747828438163524,0.46246710711330979438,0.64053391567146134022,-0.14403688284175616974,-0.47128670512875381338,-0.0073618258850046422795,0.0065062913206138123928,-0.0013450867075898624656,0.27290653976243589574,-0.33138245157273893415,0.24288246715918665464
1575909233266884226,0.78806615436122617879,-0.073569843584915917134,3.6859904573386965687,0.068170408961098966083,0.88103507147742976535,-0.034400848300012311365,0.46684749094867905583,0.61268744516062212391,-0.050716534124281231755,-0.42247767317211010196,-0.0069990780860034237237,0.0063388844175427628766,-0.0013083119942030548878,0.37836848729204597408,0.0077495164113738357337,0.43187665460813839946
1575909233500112922,0.93505223722420638399,-0.079112509205682884916,3.5901387624531042597,0.067096983460194589699,0.8815520391100453157,-0.033184004251484003345,0.46611459858419107549,0.56366179444560360334,-0.1171403514752110131,-0.43375973836771281045,-0.0060647836568000707338,0.0062542447121046807271,-0.0013496933617432546083,0.29759031794904644563,-0.31883183815935017824,0.4115245204300665427
1575909233700151844,1.0433758574026408272,-0.076324058593281132734,3.5098825585794606319,0.058887323940586294713,0.88853491067380663271,-0.030585629301351960341,0.45398514829589720065,0.52220251021922370338,-0.026263451693221306904,-0.44500432839173831301,-0.0059354766474779361435,0.0058269517701614237035,-0.001342352500072038898,0.35511108440017064014,0.082484346144525266809,0.5397843463282807619
1575909233934050450,1.1516874418006259884,-0.078778846339325248049,3.4034738193226115044,0.06663411545180643325,0.89759125731225997136,-0.031510496660623769916,0.43462273071567814053,0.47969057205804926935,-0.060385805427103235454,-0.53664282080258873808,-0.0051711779942532880988,0.0056936784142634774483,-0.001514959392556186309,0.42923150578957020018,-0.066563818052898321431,0.34423071323469123239
1575909234166953762,1.2341303491313366791,-0.074189515452891430236,3.2880470614751740044,0.052747956167943900463,0.91717666603022840466,-0.028005611161286213251,0.39398007837105530893,0.30340776216997911163,-0.0078390935394665947622,-0.45929980638605000243,-0.0052093082424881686013,0.0061578534019067791491,-0.0017993189770498820273,0.65596140361946531083,0.0013261751591246290216,0.68722025114668250367
1575909234367271250,1.2791069728921156123,-0.059570158540033148198,3.2248661595413827818,0.050840264339933903537,0.92966712856140065746,-0.024055394030236706276,0.36408190783434463134,0.32887271491758357511,0.068345315745230811322,-0.43322498057761721357,-0.0049509681778935870494,0.0071018236150861748651,-0.0022666270763184752021,0.2385309582660814498,0.075380483005981172018,0.65927024112756238416
1575909234567884809,1.3917944042876018163,-0.063505198208207241928,3.0884168700265979268,0.059356128945925290541,0.93937149667470964953,-0.026648507186281117365,0.33667179605130853615,0.36019603298589497609,0.00084093740129828620233,-0.52344732752393852149,-0.0051520023006564599419,0.0075951285606490771124,-0.0026320145855989024973,0.37009579477257970037,-0.056378221103371414791,0.4049897533643087022
1575909234799837890,1.4888096906754384463,-0.066428192404670682869,2.9456040159695513481,0.060859564546251430917,0.95264451131105176707,-0.023494676697190779863,0.29700597407975276587,0.31342522020425045426,-0.013013828379673976141,-0.57018728645892791107,-0.0050985514430356548149,0.0079942306334947147578,-0.0026623321148881327544,0.39190742108731829729,-0.017774136403903600945,0.30043422827978538692
1575909235001717927,1.5649688808628337,-0.064241247223527295218,2.8043273496643150722,0.053571637534299880457,0.96240624322272061431,-0.021734381252594286299,0.26539012666146816199,0.24731955491281609749,-0.026981975536996820331,-0.73808935646121454077,-0.004991159679110335895,0.0085971436289427344973,-0.002617844271236478837,0.75680633361277549476,-0.089873071648664967781,0.1415560977537002052
1575909235203327156,1.604197917102792692,-0.063627398693594169887,2.681653626504431287,0.051179065547535568248,0.97108416435062794303,-0.020792049897464897484,0.23225834679981968711,0.26730638218042568344,0.03665009794198013926,-0.68762639413383852549,-0.005358032394606236995,0.0091345758002206681875,-0.0025615437623835069121,0.59081095278358874978,0.097769848555369950893,0.26560849863195518106
1575909235404006047,1.6421222046611398948,-0.066899396621641210592,2.5341526814909176579,0.057929875768895328081,0.9786827622086043954,-0.018633767297884316905,0.19615545662923913883,0.11129539304995915427,-0.010221388584739161259,-0.77331694811745799178,-0.0053895595821048169691,0.0098163746745714777764,-0.002546762953490170657,0.62690595585996955474,0.027318893934255378264,0.1705911205214356019
1575909235606354689,1.6420648785627744992,-0.051497950649305845872,2.463407985712698256,0.061689473763606998691,0.98531166170756134814,-0.019698766826000680547,0.15801043229922720479,0.010734886023794174004,0.11291325882617403442,-0.4784036618280375075,-0.0060876203291933741329,0.010504186572287127835,-0.0023001726800284845453,0.40329371693485704942,0.28635496753417477578,0.62626015573543414305
1575909235808080686,1.6162822827961442762,-0.047277573649282977897,2.2959027782126613104,0.05477323747499732165,0.99458926593676311168,-0.011402852729237708193,0.087533190787916784203,-0.1210868718614662165,0.023581093919151752125,-0.60530121154845795139,-0.0053840695779550926461,0.010334752210661258404,-0.0027448704231842332643,0.72359898272562683808,-0.3180499328384744917,0.12425418490983364261
1575909236008891078,1.5841066324364385665,-0.038385191938678092649,2.1836637471882180961,0.048988188101739757463,0.99848496870414815696,-0.0050486009511636299393,0.024544578359000531614,-0.13087391672312245761,0.03790590499285377557,-0.62674633036581195444,-0.0056131144772585120015,0.011118655475355149198,-0.0027708302406950057611,0.40617131678126028316,-0.046730686283491196242,0.17098409746113188423
1575909236241669287,1.5562981427110555988,-0.03198996393026606877,2.0435164814780417686,0.046071453593594054177,0.99777555175272214516,-0.00085840250335657741938,-0.048172945036261627383,-0.21399665129236228323,0.034645841198434598751,-0.57852469334731937423,-0.0060788876494986075066,0.011720126018067322793,-0.00241299354298414679,0.50514130944173263327,0.032307997714999231453,0.28239404853852023702
1575909236441771657,1.4769523387358451938,-0.0272668120026157354,1.9140445086966146881,0.044619426371358052175,0.99209507487690440364,0.0054547214858306726157,-0.11716106524265119948,-0.55774708907571457495,0.042053294439406745109,-0.46996070190003047529,-0.0061635846701294507918,0.012470918089283678648,-0.0023023228940267591834,1.0409251292430905522,-0.17092752832826094145,0.17502855108512965776
1575909236643167208,1.3750632102571962445,-0.0074660517016494620801,1.9489529734833590524,0.03208526584072804444,0.98343400212649911829,0.0011649400175272911929,-0.17840051034720358358,-0.6466913178562082587,-0.039404258795523193493,-0.16173792377239545881,-0.0060494695196315392133,0.014099669453705686306,-0.0025004245824001274795,0.84914241058857353739,-0.072619145987659824981,0.40645302251479031863
1575909236876024835,1.3263320946494494557,0.022551427567328724555,1.9030572609400631112,0.015159439510177520269,0.97378386082279977387,-0.0024226541131722343844,-0.22695663581800795683,-0.34101045150030856457,0.02991894022835155792,-0.33421754367994693791,-0.005733582856124865533,0.014267804820426145673,-0.0023797506151339883722,0.14056891296113371848,0.051857780939322889457,0.48949134195620536136
1575909237076645019,1.2674155865137772814,0.059544402911981625381,1.7723546873741007346,0.035869050304311075883,0.9679815858106902704,0.0089288547919591440549,-0.24828478872817150158,-0.28523964463526396695,0.049047400569940502457,-0.49508939236660715055,-0.0049301978060651936372,0.014226294606436647866,-0.0025803154783433819575,-0.14624218547752548814,0.11715741696093519286,0.21407232496390643517
1575909237309457300,1.182326308258548675,0.045570274059424417668,1.5926718865486884091,0.046704524073186391708,0.96173016625662577361,0.017231547193425084813,-0.26943802353124041149,-0.3284280824079710559,-0.09782039857533167404,-0.65776081055447699342,-0.0038923685845687616691,0.01552492947502575292,-0.0013853542017663580607,0.17809206547784811603,-0.59140906728048037166,-0.22072124521011421416
1575909237509554681,1.1443574104712028738,0.034522711972524988688,1.3747446908278204702,0.026684832027154790912,0.95902005780009980107,0.0092897334016123662981,-0.28192578691936481805,-0.14171829444460593006,-0.10203280230261563277,-0.78362020258106956927,-0.0046411118397055289159,0.016175036437877817613,-0.0018311970737469129931,-0.44422892396816188176,-0.10520917961306841537,-0.022987058427792833593
1575909237709806989,1.0960515923599432053,0.029199509465732482322,1.2363587918966376655,0.023855320609098857459,0.95818824947559722016,0.0076471912797928870073,-0.28503986161773636754,-0.20474668416765728907,-0.12838561799095549176,-0.76294826703639084808,-0.0041570163502688941073,0.016783021304779280336,-0.0013678728925447000524,-0.075972855590709931217,-0.066566684746581505916,0.14260622507083686727
1575909237910200709,1.0495575998693138509,0.057312041355207656024,1.1653270664816186564,0.043991687913805851973,0.95836619260637689877,0.014721850415320651001,-0.28174853927571708034,-0.12673874182396371868,0.12667305112037346992,-0.46117764607478339833,-0.004967728989485856346,0.016864847218704476922,-0.0016278593636953201176,0.33956031775512052207,0.4438230642793611902,0.58549919480357104362
1575909238110297718,0.98639637745234620692,0.093873981823530669444,1.0165252311254964201,0.041501512425005229745,0.95934971272518887453,0.013975804080430533419,-0.27880177556974139463,-0.30615172689902969694,0.056985366748078997157,-0.60749750280304537497,-0.0029543514307270304572,0.016292592747812275483,-0.00079939933334333330463,0.37164531954228119393,-0.11170494819888038274,-0.13706558217835895785
1575909238343653373,0.87356364155017318662,0.1249752389335414271,0.80168613093011209525,0.038529635531800603132,0.95909900867000286162,0.011841360172944711063,-0.28018626116078421129,-0.33177065426713020502,0.14437304248062451939,-0.76664736762375240708,-0.0031381080614529010576,0.016008034986884561029,-0.00040330454599805595772,0.18318868501640644952,0.20504057567679428997,-0.16920157542701946829
1575909238543853227,0.81096037524873099134,0.12757254124636885351,0.64717880284578455097,0.04242461222688376915,0.95890954244544368557,0.015573075378081257733,-0.28008948749950840496,-0.32695154839236784117,-0.041189464910784068241,-0.84435970202670318496,-0.0021191091926683232327,0.015728328418136733324,-0.00098266705080534474254,-0.026347661520083720532,-0.41445100547661989365,-0.22998418496598266314
1575909238744411424,0.74680114056891755414,0.062605191117823130731,0.55413558821317965286,0.05531567595195360787,0.94591922658005622715,0.021975651894411193238,-0.31889506660339372868,-0.29795023425327266109,-0.32522397513590112217,-0.58398915449437605041,-0.0017649911778522791705,0.015567284472853791522,-0.00060142096621689032209,0.14883230110892176068,-0.96008655468753678619,-0.29554761653502042984
1575909238976888253,0.67936835323777877704,0.04569434958918386358,0.51015083840835528939,0.022772311873910544566,0.92126778077988358273,0.016895898056913161156,-0.38789383410628824889,-0.49619481657270003705,-0.10660653062698205451,-0.23906847042414131055,-0.0027266042041013127672,0.017688614027173157894,0.00010044077727489042744,0.87605810606929879203,-0.17041188091640724345,-0.012786980529206848356
1575909239177617182,0.56637232393735537084,0.033881381473171531815,0.50093685640310381402,0.013254368666694552742,0.89966732515629532774,0.018553314225457348541,-0.43598027511415710089,-0.67032258733753957713,-0.22002977776368462526,-0.1982075035380328476,-0.0027529564180856606892,0.017253162807219502017,0.00010745271393184639447,0.66938805193061967636,-0.27966266208475754063,0.12018503430633303841
1575909239379102586,0.4112009080135232697,0.073839277720988916176,0.48968988136029673042,0.027221896559693436329,0.88558641982793384617,0.023341423741157645705,-0.46308837094206106721,-0.66545263717135816339,-0.033168398587857167437,-0.17601764711048628609,-0.0019755146660042255564,0.015958247527658890597,-6.8491170829334231478e-05,0.51297631594881321071,0.14119950002615544449,0.51104345155442165716
1575909239580766976,0.29957482032377064085,0.11365743154252452851,0.37914825615379743606,0.048964533423311092097,0.88614598071572536764,0.032922052641089397107,-0.45963454371696260692,-0.45155133390229656998,0.064464610190689053404,-0.32342057646145783156,-0.0017154630781732241578,0.015153653018993471294,0.0001978580052629590972,0.044557246250296722589,-0.0033772677573043197174,0.5081905022937942551
1575909239782676856,0.15657875149675970494,0.11395830318578364926,0.23205111501793707074,0.038187173541801233689,0.88476367940604438989,0.027826748913632383398,-0.46363848354689540798,-0.48470324977748069362,-0.16861748962939637764,-0.4853862879031087818,-0.00069792352857769184883,0.015883611597864246562,-0.00079636918918254669467,-0.088067783315154468671,-0.75610121682015474232,0.10610684829170285992
1575909239982831837,0.0093134920242885568809,0.16455289812548884454,0.067949741626184320675,0.03721137814322600379,0.88344856720412257012,0.027797815832450448875,-0.4662201452925541223,-0.53396529384503355065,0.20011068753321270552,-0.52336090418612379871,-0.0013999023738051679863,0.015935859484846461726,-0.00064817420906777248497,-0.065977747601475900119,0.51901436379397514198,0.32691300990422722528
1575909240183211329,-0.064471906892277608403,0.20798479720055770836,0.0038525279449869026527,0.046457059332092605353,0.88424802260409141041,0.030380197795107879988,-0.46370704085758596147,-0.39588061440319433082,0.41422259759286961245,-0.43198042954150872585,-0.0014427467750483011048,0.015285927954453611133,-0.00043548513265070280896,0.025580959191957061694,0.85332019827430305448,0.56648495971056378462
1575909240383845714,-0.12185305465389352497,0.21475221169037495006,-0.010616301953210602327,0.043756643604211470366,0.88613323918005892921,0.024244751978003915849,-0.46072272633578204015,-0.44377193644869417088,0.030074504034113491713,-0.45177079542724274397,0.00053921094065837458023,0.014467207086838768104,-0.0015311151839695717747,-0.022570137966318799816,-0.29016755640915148362,0.038412201137180246313
1575909240585056304,-0.21796049528084276981,0.16778460274472190017,-0.1254582830317198805,0.040543918185822452882,0.88677763818500832116,0.020989608505550427786,-0.45993591667529493128,-0.54967339266174597423,-0.23799459238653303261,-0.59669747554308960602,-0.00072688293238875462121,0.013162819145681136507,-0.0020959868875546350253,0.01891739416869463869,-0.66533988858824888446,-0.25940193135729522345
1575909240787143665,-0.36980999953211718401,0.14845170204395205515,-0.24187342530985611599,0.049645502913796143996,0.88848193569491384913,0.030443213986197432963,-0.45520147704774222008,-0.53408880864465446692,0.096874395260965528998,-0.42639476149692984164,-0.0035119424974406417313,0.01303882756136268313,-0.0017733165606207883323,0.53072538356405474236,0.50944019731659850869,0.12659638794347782831
1575909241004700293,-0.5068546445519154231,0.16823483191279609006,-0.34804108778027759152,0.046366527084943244541,0.88886111437412429481,0.031445407192308767741,-0.45473866218541553197,-0.71034012175051586269,0.0065095293227731276797,-0.4418050965547244413,-0.0022439005229873089028,0.012496923011009524948,-0.0022399803819289441226,0.40327646593273391851,-0.064661204456927801054,-0.20634111335008853416
1575909241237474126,-0.63589112382149692859,0.17893532961727617869,-0.46279244842911132496,0.064868025574080778739,0.89880136354100159668,0.041804038114666167147,-0.43150975719242390394,-0.47743417976945584646,-0.018537691018058514991,-0.6820581046910421108,-0.0016019311203678355052,0.011675614129618806097,-0.0024289570374627510348,-0.11691219551016773792,-0.047403995191280842714,0.057728941234998720766
1575909241437904690,-0.7125446393375458598,0.2092650253587859388,-0.54383833538544124053,0.038046675915791888789,0.90926224668690447395,0.019545929483663827819,-0.41402001623383094531,-0.38613416962005664423,0.10568331454034085581,-0.51974577388598941496,-0.0013121783621647638892,0.011070500307912392243,-0.0025874725189892031248,0.15710680942607196942,0.14634997393166754298,0.28229999196275534779
1575909241671191127,-0.78685381536578935524,0.2234511140192944334,-0.62813714126333641818,0.042966729100316417012,0.90664491262807367367,0.025086744036222085458,-0.41895049572677955929,-0.47059345108915107136,0.052716116335825624617,-0.58399458991215902337,-0.0013214625868658760183,0.011111078054541690535,-0.0027287386863536662596,0.11772214525699947751,0.056799876314032632374,0.31961444071768702058
1575909241871270605,-0.9103610952284574287,0.18790925451005469071,-0.75587622479036298273,0.056472123471440781317,0.9045184513797762671,0.03300864866833223138,-0.42138782552091935685,-0.45298629476022872486,-0.090114519028225509301,-0.54605127394942798436,-0.0013987659362656586996,0.010863958929950462071,-0.0026906863501233945456,0.21737590136047224565,-0.43580694298275290954,0.1912277639891213632
1575909242071409142,-1.0112233987922401024,0.2032058383593768891,-0.8362774705234599093,0.055542862732721409724,0.90544351015265800431,0.031446352546263697803,-0.41964052143879548851,-0.45488142518628960076,0.020783799679154502105,-0.47185688668674496959,-0.00071595232672665273712,0.010335014055814677539,-0.0027399788362501703576,0.34913884867658573352,0.027290778250008917993,0.16128846351759157374
